date,time,title
2023-08-05,18:44:58,How to ask new roommates to organize more
2023-08-05,18:30:59,My (m27) friends said that my gf (f21) kissed other men and touched them between their legs.
2023-08-05,18:30:13,I (26f) feeling hurt and used by (27M) and want to move on
2023-08-05,18:26:54,I’ve failed as a husband.
2023-08-05,18:25:24,Am I unjustified in getting my feelings hurt?
2023-08-05,18:21:50,Struggling with bitterness towards women after breakup
2023-08-05,18:20:02,"My (26M) boyfriend (29M) of almost 2 years hasn't said ""I love you"""
2023-08-05,18:18:35,Me (20M) searching for advices
2023-08-05,18:14:39,Should I M24 break up with my gf F25 of 2.5 years?
2023-08-05,18:11:41,Help. I a [F27] and a [M27] have a weird situationship
2023-08-05,18:07:07,Am I (F25) right to be annoyed at some comments my bf (M26) has made?
2023-08-05,18:05:05,My (29F) Boyfriend (27M) emailed himself nude pictures of his ex gf while we were together
2023-08-05,17:56:34,"Girl (25F) that I (28M) was seeing didn't see our ""dates as dates and just wants to be friends. Is there anything salvageable out of this?"
2023-08-05,17:55:45,My gf(22F) says Im gay and broke up with me(22M)
2023-08-05,17:55:19,I am 5 months pregnant & just found out my boyfriend is cheating on me
2023-08-05,17:53:36,My best friend showed an interest in my boyfriend
2023-08-05,17:50:18,I think my (21F) bf (24M) abused my dog
2023-08-05,17:44:42,Trying to cope with distance
2023-08-05,17:38:34,Bf’s (19m) admission left me (20f) feeling icky where do I go from here?
2023-08-05,17:35:52,boyfriend maybe has a hickey?
2023-08-05,17:32:32,22M 22F Does it seem serious? Haven't had the talk yet...
2023-08-05,17:27:30,Mom wants me to apologize to her or says we won’t speak because I was upset she doesn’t want to support me
2023-08-05,17:24:15,Boyfriend isn’t is as intimate anymore
2023-08-05,17:17:08,Meeting up with old friends after COVID exposure?
2023-08-05,17:11:17,I (27M) like my gf (27F) a lot and she wants to hangout more often but I enjoy my alone time
2023-08-05,17:09:27,Is it normal to stop being sexually attracted to your partner a few months into the relationship?
2023-08-05,17:05:04,i (26NB) don’t know if i can trust my partner (26M)
2023-08-05,17:04:49,Why did my Girlfriend(22F) break up with me(22M)?
2023-08-05,17:01:01,I (30F) met my boyfriend (31M) for the first time and he is heavier than I expected
2023-08-05,16:51:23,my (18f) bf (20m) and I are going through a rough patch and I need advice
2023-08-05,16:50:20,"(35F)(33M) A guy that I've been hooking (he's called me a friend) up with lets me come over, but doesn't text?"
2023-08-05,16:48:28,My friend (F30) has never been in a romantic relationship and has opened up to feeling very unwell because of it. How do I (F31) help her with this?
2023-08-05,16:43:18,I (30F) slept with another man while separated from my husband (44M) and it got nasty.
2023-08-05,16:39:17,Girlfriend doesn’t want to spend any time with my family or friends
2023-08-05,16:04:22,Is it normal to prefer spending time with other people than your girlfriend?
2023-08-05,16:02:24,I’m a SAHM needing to divorce my sociopathic spouse.
2023-08-05,16:01:00,Should I (29m) tell my friend (39m) that I don't think he should encourage another friend who is having paranoid delusions (28m) to use hallucinogenic Mushrooms?
2023-08-05,15:43:43,I suspect my (20F) GF is cheating on me (21M)
2023-08-05,15:28:58,I (m22) can't seem to shake off the idea of some sort of a final closure with my ex (f21). Is it a bad idea?
2023-08-05,15:19:07,"An ex-friend has been handling confrontation poorly, another friend excuses and enables it, and it is affecting my relationships with other friends. Where do I go from here?"
2023-08-05,15:14:48,I'm (19f) in a no label relationship with someone (19f) and not sure if I want to continue it
2023-08-05,14:35:14,I [19F] have been seeing my [30M] former teacher
2023-08-05,14:29:20,My mom’s [59F] neighbor [43F] constantly asks her to babysit
2023-08-05,14:28:06,Boyfriend (M31) is renovating his ex girlfriend’s house. I’m (F32) really upset about it?
2023-08-05,13:57:56,Hurt my own feelings. Me(27f) bf (33m) how can I proceed?
2023-08-05,13:49:27,I (28/f) told my “boyfriend” (25/m) that I’m scared I might be pregnant and now he told me that it’s best we don’t talk anymore?
2023-08-05,13:43:56,Boyfriend thinks I've been doing f*ck all for the past six months.
2023-08-05,13:40:11,He went soft on our third date
2023-08-05,13:16:14,I (19M) am wondering if i should tell my girlfriend(18F) a past thought that crossed my mind.
2023-08-05,13:03:43,I am not sure if my (26f) bf (25m) will marry me?
2023-08-05,13:03:21,"I hold onto resentment, and I have “explosive” anger at my partner. I’m not improving despite trying. Should I break up with my boyfriend before I hurt him more?"
2023-08-05,13:02:50,"Me [36M] with my [33F] 3 Years, Ended be a Single Text - Can I ask how to improve?"
2023-08-05,12:58:53,He DM complimented an instagram model after many times I cried in front of him for never praising me
2023-08-05,12:55:58,I (17F) feel as though my boyfriend (17M) isn’t attracted to my body
2023-08-05,12:49:47,I(21M) am troubled by my girlfriend's past(24F). How do I get over it?
2023-08-05,12:46:02,Best friend got mad because I wouldn't lend her money
2023-08-05,12:39:20,I (23M) don't understand if I want to be in a relationship with my friend (26M) or if I'm just delusional about love
2023-08-05,11:18:04,Should I just END it? 20 M - 19 F
2023-08-05,10:53:23,Should I try to salvage my relationship after revealing my health condition or move on?
2023-08-05,10:12:09,Coping with heartbreak. I have never ever felt like this
2023-08-05,09:28:34,Girlfriend (24f) trying to dictate what I (26m) can and can't do in certain rooms of our apartment?
2023-08-05,09:27:26,I think things are working out between my ex (26M) and I (26F)
2023-08-05,08:21:29,Bandcamp music posting controversy
2023-08-05,07:57:20,Bf gets attention by being annoying
2023-08-05,07:37:38,I (25 M) have a slight touch of ADHD and ASD is a death sentence for me. I'm considering joining a cult
2023-08-05,07:21:10,I (F21) need some advice about my new partner (M21)
2023-08-05,07:02:59,Am I being Dramatic?
2023-08-05,06:53:25,I (28F) am starting to resent my unemployed boyfriend (27M)
2023-08-05,06:34:56,My girlfriend is a very bad texter
2023-08-05,06:24:46,I’m struggling with my gf’s(f) socially awkward and reserved behavior around family and friends.
2023-08-05,06:17:58,"I (24F) don't know if I can handle being with my bipolar, highly addicted husband (30F). Is there any way out of this?"
2023-08-05,06:10:12,Is it necessary (27f) to disclose a legal name change to my partner (25M)?
2023-08-05,06:07:49,I feel ashamed/pathetic when I (22f) ask my boyfriend (23m) for time
2023-08-05,06:07:43,My [25M] mother [50F] is spiraling out of control; I feel caught in the middle
2023-08-05,05:53:51,My (24M) girlfriend (31F) doesn't speak English and she wants to meet my family
2023-08-05,05:50:34,bf wants me to convert
2023-08-05,05:48:42,M16 looking for advice
2023-08-05,05:26:07,I’ve had issues with friends and I need advice
2023-08-05,05:16:46,"I'm (M23) trying to court a co-worker (F31) but, she still wants closure with her ex. Should I still pursue?"
2023-08-05,05:03:40,How do I “break up” with a colleague turned friend?
2023-08-05,04:57:27,My boyfriend is an avoidant
2023-08-05,04:47:55,My (20M) GF (20F) is gaining a lot of weight and I’m getting less attracted to her.
2023-08-05,04:44:34,I’m (25f) upset with my bf (24m) over something silly and i don’t know why
2023-08-05,04:37:04,"I [25F] went to a strip club with coworkers, S/O [26M] upset"
2023-08-05,04:27:07,How do I step resenting my mother.
2023-08-05,04:16:47,My [23M] Girlfriend [23F] left me today after 6+ years. What do I do?
2023-08-05,04:08:14,My boyfriend of 6years has become best friends with another woman
2023-08-05,03:47:45,"I’m worried I will suffer the same fate as my grandma in old age, due to having similar trauma. How can I overcome this? 28 F 84 M"
2023-08-05,03:23:51,My [26M] girlfriend [29F] of 1.5 years is just never around... Am I overreacting?
2023-08-05,03:13:25,Boyfriend chose to work nights
2023-08-05,03:10:52,I (34F) need help with my brother’s (28M) toxic relationship with his pregnant girlfriend (22F).
2023-08-05,03:03:52,My girlfriend/babymomma (47f) don't want me (37m) in contact with my daughter
2023-08-05,03:01:59,"My bf (M28) has a thing for red heads. My sisters (FM28, FM25) are red heads. Does it matter?"
2023-08-05,02:37:13,i (18f) found my bf’s (18m) pinterest board titled “exercises for girls”
2023-08-05,02:31:00,(25f)(26m)Boyfriend can’t sleep when I’m awake
2023-08-05,02:29:49,27 F Always Attracted to Older Married Men 30 M or Older
2023-08-05,01:52:39,I (28m) feel completely unappreciated in my relationship with my girlfriend (27f)
2023-08-05,01:44:01,My boyfriend pushes me away every time he gets anxious; need advice
2023-08-05,01:26:34,Close friend won’t let our friendship die but will not stop toxic ways
2023-08-05,01:24:11,boyfriend (m19) and me (f19) are in a tough spot only been together a couple months
2023-08-05,01:17:25,Was I (40F) in the wrong for having my friend's son (15M) hang out with my son (15M) at our house?
2023-08-05,01:00:09,"A man [42M] proposed to me [27F] after 20days of talking, even asked me to drop out my studies"
2023-08-05,00:29:02,My (23M) GF’s Friend (22F) bought my GF (22F) a sex toy for her birthday
2023-08-05,00:12:40,My(38F) therapist wants me to tell ex-fling(32M) my feelings. I disagree.
2023-08-05,00:07:09,28F/26M Reddit Addiction
2023-08-04,23:57:51,Was I (23F) don't know if I should continue to date (25M) I met on Tinder what should I do?
2023-08-04,23:46:39,Baby by an ex?
2023-08-04,23:33:14,Gf thinks i’m lying but i’m not
2023-08-04,23:32:27,Relationship is going nowhere
2023-08-04,23:27:51,"I want animals, husband does not - where is the compromise?"
2023-08-04,22:51:58,I [21/M] feel inadequate compared to my girlfriend [22/F] and don't know what she sees in me
2023-08-04,22:51:45,How can I have quality alone time when living with someone?
2023-08-04,22:38:08,How to deal with remembering arguments differently? (M32 and F34)
2023-08-04,22:34:45,Dealing with a sudden stop to responses?
2023-08-04,22:32:42,boyfriend is having a mental health episode and i'm not sure how to help
2023-08-04,22:24:36,Making friends as an adult woman (25) is difficult
2023-08-04,21:54:02,"How do I deal with an overly ""friendly"" friend?"
2023-08-04,21:54:01,How do you bond with someone who’s closed off?
2023-08-04,21:47:13,How have you dealt/been dealing with separation anxiety in your relationships?
2023-08-04,21:42:06,My Boyfriend (M25) doesn’t want to move in with me (F23) anymore
2023-08-04,21:39:16,I (25F) silently feel like a burden to my boyfriend (25M). How do I start the conversation with him about this?
2023-08-04,21:22:43,My 1st relationship
2023-08-04,21:17:57,Is my [27M] relationship with my girlfriend [26F] worth saving?
2023-08-04,21:10:50,My (21F) Boyfriend (21M) might be lying to me
2023-08-04,21:08:53,My wife’s superstition is ruining our relationship
2023-08-04,20:47:24,Do you think my (21m) gf (20f) is lying to me?
2023-08-04,20:45:00,"Whether it’s right or wrong, I feel like I’m going to be someone’s settle option"
2023-08-04,20:38:57,I (22M) am frustrated and don’t know how I’ll make it through a 1 year LDR with my girlfriend (23F) of 5 years
2023-08-04,20:27:58,Should I break up with my boyfriend ?
2023-08-04,20:27:11,I (M 21) getting insecure after my Relationship with her (F21
2023-08-04,20:26:40,How do I (17 M) convince my mom to invite my girlfriend (17 F) to my holiday
2023-08-04,20:20:50,My best friend (F 20) wants me (F 21) to choose her or my boyfriend(M 24). I don't know what to do.
2023-08-04,20:17:48,I [33M] can never fall asleep next to my FWB [25F]. Tips?
2023-08-04,20:11:30,Not sure what my (f27) coworkers (m35) feelings for me are
2023-08-04,20:10:44,"Me (F25) and my boyfriend (M24) in a long term relationship (6 years). He is “good on paper”, but I’m not happy. Are those reasons below enough to break up with him or am I just ungreatful and making things up?"
2023-08-04,19:37:37,How do I rebuild myself when my ex love bombed me and then cheated?
2023-08-04,19:26:12,My (M16) best friend (M17) doesn’t seem to want to be friends anymore
2023-08-04,19:07:31,Girlfriend goes to friends house almost every night
2023-08-04,19:02:03,Do I come clean or just deal with this situation when or if it comes up between me (23F) and my boyfriend (35M)?
2023-08-04,18:48:16,How do I (28F) set boundary with Mom (55F) about bringing up school?
2023-08-04,18:41:08,I(30F) am at a loss on what to do with my relationship with my father(57M)
2023-08-04,18:25:54,Do I come clean or just deal with this situation when or if it comes up between me (23F) and my boyfriend (35M)?
2023-08-04,18:10:02,Is it too soon for me (19 F) and my boyfriend (19 M) to move in together after being together for 2 months?
2023-08-04,17:45:57,I (M32) just hit it off with a new friend (F25) but realized she has a big problem with alcohol. How can I be supportive/not enable at the casual friendship level?
2023-08-04,17:45:39,Can my best friend (25M)be friends with my bully (25F)
2023-08-04,17:43:33,My boyfriend cheated with his ex. We had been building a life together.
2023-08-04,17:20:16,"Relationship Being Ruined Due Too My Sexual Fetish. 18F , 19M"
2023-08-04,16:58:15,My girlfriend (23F) of 2 years is mad at me (24M) because I stopped bringing her along for parties and hangouts with my friends
2023-08-04,16:56:38,"when should you tell someone about health issues, especially when it impacts relationships?"
2023-08-04,16:55:59,I (21M) stopped talking to my friend (22M)
2023-08-04,16:49:11,I (32M) am not sure I'm getting what I need anymore from my long-term girlfriend (32F)
2023-08-04,16:43:30,Is my ex [M22] lying?
2023-08-04,16:36:45,"My (27M) have been with my gf(28F) for 8 months, and seen a repeated pattern of lies that I cant get over it."
2023-08-04,16:35:13,Have felt really depressed after first date even though it went well and no idea why
2023-08-04,16:31:56,i (F25) feel neglected by my boyfriend (M26)
2023-08-04,16:26:54,girlfriend (22F) less affectionate when she doesn’t need me (22M)
2023-08-04,16:23:56,Am I in the wrong and did I react poorly
2023-08-04,16:15:24,My (24f) partner (26nb) has been hanging out with exes
2023-08-04,16:13:06,I 25M keep getting my kindness mistaken for flirting 25F
2023-08-04,16:06:45,"I (f18) don’t trust my bf (m18) after he broke up with me, how can I regain trust in him?"
2023-08-04,16:01:02,A guy asked to meet me for lunch. Is this a romantic gesture?
2023-08-04,16:00:53,my (18f) boyfriend (20m) doesn’t spend as much time on me online/over call as I would like
2023-08-04,15:52:53,My [22 M] gf [23 F] has become so clingy.
2023-08-04,15:52:05,I think I'm in love with my BFs friend
2023-08-04,15:49:14,My GF (35F) broke up with me (31?M) over text and blocked me *REPOST*
2023-08-04,15:46:45,Second guessing interracial relationship
2023-08-04,15:41:14,Ex with BPD reconnected
2023-08-04,15:32:00,Wife (27F) constantly angry over little things at me (30M)
2023-08-04,15:31:49,How can I [20f] get my ex [20m] back?
2023-08-04,15:15:27,My fiance (32m) doesn't know what he wants and might have ended the relationship with me (27f)
2023-08-04,15:00:52,How to deal with BS from family?
2023-08-04,14:33:18,Should I 26M write my coworker/friend 26F a letter on how I feel?
2023-08-04,14:31:52,"how should i (18F) go about telling my friend (20F) that i’m taking another friend (18F) to the concert she invited me to, and i don’t want to go with her?"
2023-08-04,14:29:44,Would it be wrong for me(M18)to ask my girlfriend(F18) to block a guy she used to have a thing with and still talks to?
2023-08-04,14:24:43,One of my flatmates (21f) has a full blown obsession with another (20m). It's making life very difficult and I don't know what to do.
2023-08-04,14:22:29,I (20M) worried about the future of the relationship (21F)
2023-08-04,13:58:46,Even though I (24f) love her (23f) how i’ve never loved anyone before I still have to let her go
2023-08-04,13:52:44,How do I (21F) stop feeling hurt about my ex (22MtF) moving on?
2023-08-04,13:52:34,Could there be a future for us?
2023-08-04,13:27:08,I [23M] want to help her [22F] out
2023-08-04,13:25:21,I don’t feel like i fit in with dating
2023-08-04,13:21:30,Boyfriend wanted to break up because he's scared of losing feelings later on and hurting me.
2023-08-04,13:18:07,How do I maintain this friendship?
2023-08-04,13:17:31,How do I get over asking for needs in a relationship
2023-08-04,13:13:41,My fiancé (29M) may or may not be gaslighting me (22F)
2023-08-04,12:48:28,How do I transition from a relationship to a friends with benefits situation?
2023-08-04,12:36:40,"Question for men; should women instigate meeting up during dating (F29, M31)"
2023-08-04,12:15:34,[Me 18] [my girlfriend 16] has lost her mind with male actors
2023-08-04,12:12:13,Engineering Class Crush
2023-08-04,12:04:11,"MY (F25) fiancee (M25) of 7 years accuses me of looking at other guys and called me a b*tch, is it my fault?"
2023-08-04,11:53:50,"I (F27) have built up resentment for my LDR partner (M41), and I don't know how to tell him!"
2023-08-04,11:45:39,"My gf is convinced I want a 3 way and refuses to belive anything I tell her, I don't want one but now she's not talking to me"
2023-08-04,11:38:28,I know it's a bad idea. But it's exciting.
2023-08-04,11:32:52,My [18m] tinder hookup [18f] says she has to get an ultrasound and pregnancy test but I don't know if I believe her
2023-08-04,11:25:01,"My (19F) toxic ex (23M) broke up with me to work on himself but told me he'd come back. He did, and I don't know what to do"
2023-08-04,11:21:12,How do I feel less lonely?
2023-08-04,10:43:16,I miss the friendship of an ex
2023-08-04,10:39:14,are women more flirty/loving when they're cheating?
2023-08-04,10:37:28,I (29m) relationship breaking down..falling for another.
2023-08-04,10:34:05,"Me (m24) having a bf (m30) but sometimes still thinks about ex, but also an ex date"
2023-08-04,10:19:35,How do you know if you want to see someone again?
2023-08-04,10:10:31,"I [M24] got blamed very bad by my girlfriend [F21] for telling her that I do not want her to initiate sex with me if she is turned on from someone else, why is my stance considered bad?"
2023-08-04,09:58:13,Drunk mom [48] and new boyfriend [37] mistreating the family. What to do?
2023-08-04,09:56:39,My (22F) Male Friend (22M) Of A Year Berated Me
2023-08-04,09:41:40,Why do I feel so down after a good date?
2023-08-04,09:17:19,[M22] Letter to crush [F19]
2023-08-04,08:58:16,"Why do I catch feelings so quick, and how do I stop?"
2023-08-04,08:58:15,Am I (18M) rightfully uncomfortable in situations like these with my girlfriend (17F)?
2023-08-04,08:06:36,I hate how I look and want to take a break from my relationship
2023-08-04,07:57:53,(Micro)cheated years ago and feel guilty
2023-08-04,07:32:51,21m don’t have energy for a relationship
2023-08-04,07:26:51,My (30f) husband (35m) gets annoyed that I dont look forward to his family events
2023-08-04,07:22:11,Me (30) and my SO (25) applied for a program abroad. my SO wasn't able to get in and it looks like I will be able to get the job. What should I do?
2023-08-04,07:12:41,"Am I [22f] leading on my “ex"" [23M]?"
2023-08-04,07:10:45,How can I (21f) move forward in new relationships after my experiences with 23m and 21m
2023-08-04,06:48:13,(M26) FWB (F26) said he wanted to progress into a relationship but then back tacks.
2023-08-04,06:37:49,I (22F) have been living with my BF (23M) for over a year and I don’t know if I can anymore.
2023-08-04,06:26:22,How do I fix my relationship with my mom
2023-08-04,06:18:45,My [M27] Girlfriend[24F] gave her phone number to another guy
2023-08-04,06:16:22,My girlfriend deserves better than me.
2023-08-04,05:28:23,Is my gf 25f pulling away from me 26m?
2023-08-04,05:21:26,I (22 M) have either Erectile Dysfunction or sex anxiety and can’t do it with my gf (20 F) my girlfriend and I also have wandering eyes.
2023-08-04,05:19:54,Do I love her or am I just scared for the future?
2023-08-04,05:16:40,I[24M] had to breakup with my [23F] gf and now wondering if I made the right call
2023-08-04,05:14:13,My bf(19m) dosnet like that I(19f) have a public insta account
2023-08-04,04:49:54,Having trouble on just talking to a woman.
2023-08-04,04:47:50,"(21M), Friends (19-21M, 20F) - I’m the only single guy in my friend group and it’s been making me sad & jealous and things awkward"
2023-08-04,04:47:46,I (18M) have never had a girlfriend before. It has destroyed my mental health. Any advice at all would be appreciated
2023-08-04,04:34:05,Can you have a relationship with someone with opposing philosophical views (24F/26M)
2023-08-04,04:33:38,im (18M) and my (19F) are losing connection due to long distance and idk what to do weve been together for 10 months
2023-08-04,04:18:54,Should I 21F go on a vacation with a possibly dangerous person 23M?
2023-08-04,03:58:19,I (m21) don’t know how to help my anxious girlfriend (f21)
2023-08-04,03:57:49,I (23M) am fed up with my girlfriend (18F) not working and lacking any motivation.
2023-08-04,03:30:40,I (32F) Have ongoing anxiety issues and my (43M) Boyfriend's response is usually just yelling at me
2023-08-04,03:29:10,"I (25F) temporarily moved in with my boyfriend (45M) of 10 months out of necessity, and he is becoming upset over finances."
2023-08-04,03:11:31,I (20M) found out at her (17F previously 16F) birthday party that she lied about her age.
2023-08-04,03:04:24,I (22F) think I’m developing feelings for my boyfriend’s (21M) best friend (23M)
2023-08-04,02:39:27,"Worrying over marrying my [39F] partner [40M] because it would mean him giving up being a practicing, ordained priest"
2023-08-04,02:29:51,Am I (19F) overreacting (23M)
2023-08-04,02:25:02,Advice on what to do
2023-08-04,02:17:38,I (F20) found my friend's (F23) work online: How do I proceed with her?
2023-08-04,01:40:56,I (36F) am unsure of my relationship with my boyfriend (36M)
2023-08-04,01:23:20,My (26F) fiancé (24M) spent a week breaking up with me but still wants to keep the door open
2023-08-04,01:18:11,I (24f) never know when to expect angry behavior from my (29m) partner
2023-08-04,01:02:04,"I'm [M26]inconsolable after a summer fling ended [F22], not sure how to proceed?"
2023-08-04,00:46:41,"Always there cheerleading and being a servant for my (F23) older brothers’ (M25, M28)milestones and achievements, but when it’s my turn, no one is there to support or acknowledge my milestones."
2023-08-04,00:40:42,Reconnected with my ex-boyfriend (M28) even though I (F24) have a boyfriend (M26)
2023-08-04,00:38:10,Me [19F] and my boyfriend [18M] have been together for 9 months without a single fight
2023-08-04,00:30:44,"Found out My (31F) Boyfriend (33M) Lied to Me About Seeing Others Before We Were ""Exclusive"""
2023-08-04,00:18:19,Is me (f20) just having a casual relationship with a guy(m24) a bad idea?
2023-08-04,00:18:07,My girlfriend (28F) cheated on me (27M) but states she loves me and doesn’t want to break up
2023-08-04,00:10:44,"I’m having big problems with my girlfriend, and I think I’m becoming depressed because of it."
2023-08-04,00:07:56,How can I (24F) move on from him (27M) when sex with him was the best I've ever had? I feel like I can't get anything like it again
2023-08-03,23:54:31,My boyfriend sent a dick pic to a scammer
2023-08-03,23:37:19,I've (20m) discovered my husband (m32) had sex with his bestfriend when they met.
2023-08-03,23:32:30,How long should I (24M) wait for her (20F) to text me and should I ask her out again?
2023-08-03,23:28:38,My (22F) fiancé (M22) sexted a Reddit scammer
2023-08-03,23:16:09,I (24F) like my boyfriend (26M) is friendzoning me?
2023-08-03,23:01:28,I’m (20F) scared my ex-best friend (21F) might spread rumors about me.
2023-08-03,22:52:19,(26f) Thoughts of breaking up with boyfriend (32m) of 3 months right before his birthday.
2023-08-03,22:41:59,My boyfriend (23M) is ignoring me (24F) because he is stressed
2023-08-03,22:39:08,I (23F) don’t know if I should/how to break up with my (M21) boyfriend
2023-08-03,22:32:40,Her (23F) and Me (24M) need your help.
2023-08-03,22:32:06,My (31M) girlfriend (21F) keeps crying thinking she hurts me. I am not sure what to do.
2023-08-03,22:25:48,I(15m) am having very possessive thoughts and feelings towards my girlfriend (15f)
2023-08-03,22:24:28,My (22F) best friend (21F) stole from my wealthy cousin (21F) what should I do?
2023-08-03,22:21:48,How to achieve a long-term relationship? What I'm I doing wrong?
2023-08-03,22:07:29,My (19F) boyfriend (20M) has bad insecurity and jealousy issues.
2023-08-03,22:02:58,How can my partner and I increase sexual intimacy between us?
2023-08-03,22:02:53,I (27m) am in a happy long term relationship with my (26f) girlfriend but I keep having overpowering feelings of wanting to date around.
2023-08-03,21:58:24,My friend cut human parts and I’m perturbed!
2023-08-03,21:46:03,My cousins wife (F35) is STILL cheating on him (M36)
2023-08-03,21:20:00,I a (21M) am in a relationship of 1½ years with my (23F) GF and have mismatched sex drives.
2023-08-03,21:19:39,My (28M) girlfriend (32F) still keeps in touch with her ex in laws
2023-08-03,21:10:41,"SO (M 23) and I ( F 23) have been technically single for a while now, but SO says he will stop using dating apps when we move in together"
2023-08-03,21:08:56,M23 I think there is something subtle between my girlfriend of a year (F23) and her sisters ex boyfriend (M25)
2023-08-03,21:08:00,"[20M] Loneliness is harming me. Frequent country changes affected my social life. Online studying and gaming are my refuge. I met my girlfriend online, but fear dependency. Struggling to make friends, I seek meaningful connections."
2023-08-03,21:03:30,Can’t decide whether i should break up with him or not
2023-08-03,20:53:47,"I love my girlfriend, but I'm highly skeptical she would be a good mom"
2023-08-03,20:45:54,Am I immature?
2023-08-03,20:40:54,Am I (28M) just her(31F) rebound after her divorce?
2023-08-03,20:40:07,Did I [28m] fail to prioritize my boyfriend [28m] adequately on his birthday?
2023-08-03,20:39:29,I (31F) found out my friend (31F) is pregnant. Would it be weird if I brought her flowers?
2023-08-03,20:36:20,Awful birthday party led to fight with my boyfriend
2023-08-03,20:29:02,My boyfriend (M21) has a very annoying mom and I (F19) don’t know what to do anymore
2023-08-03,20:10:18,I (17f) feel really anxious about my boyfriend (17m) having a sleepover with his friends
2023-08-03,20:06:38,Felling like I'm not even a second thought to my bf
2023-08-03,20:03:08,"15m (feeling lost, guilty, confused)"
2023-08-03,20:00:38,My (26F)medical resident boyfriend (30M) asked to take a break
2023-08-03,19:51:16,"My girlfriend finds a guy in a kpop band hot and she says ""you have to fight harder for me now"" and i decide to leave her on read and ignore her."
2023-08-03,19:36:02,Parents found out about me (18F) and my gf (18F). What do I do?
2023-08-03,19:31:43,My (24F) husband (23M) wants a divorce and I'm unsure how to proceed.
2023-08-03,19:21:03,My(14M) brother(22M) hates the fact that I’m seeing someone.
2023-08-03,19:13:05,My [28F] BF [30M] left last night and I don’t know if he’s coming back.
2023-08-03,19:05:35,Update: how can I 22f tell my family I’m moving?
2023-08-03,19:01:13,2months into the breakup
2023-08-03,18:45:28,18f 18m is she interested or playing games with her friend
2023-08-03,18:44:40,My f28 Boyfriend m34 believes what he does outside of us is not relevant info for me to know
2023-08-03,18:26:54,I messed up after we broke up and I feel awful now
2023-08-03,18:23:19,Escort? Stripper? And now a Happy Ending Massage?
2023-08-03,18:23:02,Siblings are suffering from homeschool neglect. What can I (21M) do? (46F homeschooling mom)
2023-08-03,17:42:24,I (21F) and my (28M) boyfriend keep arguing.
2023-08-03,17:34:38,My (38M) fiance (40F) is upset at me for maintaining a friendship with a woman I met on a dating app before meeting her. I don't see a problem with it.
2023-08-03,17:24:59,"I (F27) and my partner (M29) broke up after 7 years. I want to ask what you think about going back with ur EX, and in your experience, how often do things work out?"
2023-08-03,17:24:16,"[F30] Troubled by [M29] boyfriend's drinking habits, he denies being alcoholic, gets defensive, and influenced by heavy-drinking friend. Concerned for well-being. Advice appreciated."
2023-08-03,17:01:20,My (21/f) boyfriend (22/M) is depressed and it's affecting our very early relationship
2023-08-03,16:52:08,Is there a way for me (19f) to become more supportive of/ ‘into’ my boyfriend’s (19M) work
2023-08-03,16:46:16,I miss my ex of 6 years. I am F25 and dating someone new M29
2023-08-03,16:34:45,My gf (22F) says she is not enough for me and that I (21M) deserve better
2023-08-03,16:13:31,Can I (18M) still say I love my ex (19F) if I kissed someone else?
2023-08-03,16:08:18,My bf-M18 called me F-18 a starfish
2023-08-03,16:01:30,"I (19 F) agreed to a six months (or shorter) break with my boyfriend (20 M), any advice is appreciated"
2023-08-03,15:14:59,I (16F) don't know if I want to continue my relationship with my bf (17M)
2023-08-03,15:14:59,"I'm feeling lost in this new relationship, keep second guessing."
2023-08-03,15:11:22,My boyfriend did something (M21) because he thought it was stupid and unimportant but it wasn’t to me (F19)
2023-08-03,14:58:33,I (32F) don't want my cousin (28F) to tag along when I go out with my boyfriend (33M) during a stay with my family
2023-08-03,14:43:46,My girlfriend(19F) and I(19M) kissed another couple (19)
2023-08-03,14:23:54,How do I get over getting played and it interfering with my life goals?
2023-08-03,14:21:48,My [34F] mother in law [76F] is driving me insane
2023-08-03,14:11:11,I want to date but I don’t want all the pressure that surrounds it
2023-08-03,13:50:51,My (31/f) boyfriend (31/m) got I'm a huge argument last night and i don't know how to proceed
2023-08-03,13:49:19,How can I [25M] better sexually communicate with/seduce my girlfriend [25F]?
2023-08-03,13:34:08,My (26f) boyfriend (33m) and our title is confusing..
2023-08-03,13:33:10,Should I (26F) be worried if my boyfriend (24M) said that marriage worries him?
2023-08-03,13:25:21,I (35f) can't stop thinking of him (37m) and I don't know if he is interested in me
2023-08-03,12:55:11,I (25f) don't know how to handle him (27m)
2023-08-03,12:53:26,I rly wanna date this guy but he wont date me without doing the dirty
2023-08-03,12:30:27,My GF (24f) suddenly has thoughts of another person and I (24m) am unsure how to react
2023-08-03,12:13:25,I (m25) want to break up with my girlfriend (f24) due to her sexual past. Any advice?
2023-08-03,12:05:58,I (F26) want my bf (M26) to unfollow a woman on insta.
2023-08-03,11:53:00,How do I(21M) bring this up with my girlfriend(22F)
2023-08-03,11:46:42,Boyfriend shamed me for getting drunk
2023-08-03,11:29:36,My (33F) boyfriends (31M) female friend (27F) has his pictures as phone background.
2023-08-03,11:23:38,I (M22) is suspicious of girlfriend (F22) cheating
2023-08-03,11:16:09,I (20F) and my ex boyfriend (31M) are in constant arguments
2023-08-03,10:53:41,My [M28] gf [F27] feels bad because I don't use the open part of our open relationship and she fears of losing me
2023-08-03,10:22:53,I have trouble navigating my [23F] boyfriend’s [23M] friendship with his close woman friend [22F]
2023-08-03,10:22:21,I (24F) think that my family is embarrassed of me
2023-08-03,10:16:19,I (33M) and my partner (37F) had a disagreement over sex
2023-08-03,10:00:38,Went for an outing and felt very left out
2023-08-03,09:54:53,my(19f) emotional distance from my family is suffocating me
2023-08-03,09:36:47,I (m36) reconnected with an old crush (f36) on Facebook
2023-08-03,08:58:10,f21 likes to save every snap and text I (m22) send her
2023-08-03,08:55:00,My gf has had thoughts about being with other guys.
2023-08-03,08:53:09,Not sure if I have commitment issues or if I just haven’t found the right one
2023-08-03,08:51:42,I (23 m) can't decide who or what I want
2023-08-03,08:38:19,Break-up
2023-08-03,08:29:54,Am I (24m) asking too much for check ups from my gf (24f) when she goes out TLDR
2023-08-03,07:09:32,I 32f am Emotionally attach with my guy friend 39m
2023-08-03,06:52:05,What should I(22 M) do with this girl (23 F)?
2023-08-03,06:12:25,I think that I need to breakup with my boyfriend but I’m scared to leave
2023-08-03,05:57:20,My (22M) girlfriend (29F) got a DUI one year ago and I don't know how to feel
2023-08-03,04:45:32,24M] I know for a fact that she [27F] prefers a dick bigger than mine. It feels pointless to stay
2023-08-03,03:56:42,This guy [21M] has a gf [19F] but texts me so much
2023-08-03,03:54:36,Husband addicted to porn
2023-08-03,03:50:17,How do I politely ask my partner to stop bragging about the things they’ve bought?
2023-08-03,03:38:23,My (23M) ex-girl I dated (21?F) restarted contact after 2 years and it’s problematic
2023-08-03,03:22:22,My [33F] attraction to bf [36M] has wild fluctuations
2023-08-03,03:19:43,How to tell the difference between your values or deal breakers and being too picky or unrealistic?
2023-08-03,03:18:45,I (m17) may have just destroyed my family after a fight with my father (m52)
2023-08-03,03:14:23,My bf does not acknowledge my attempts to comfort him.
2023-08-03,03:08:51,I (21F) have Complicated Feelings Towards my Friend (23M)
2023-08-03,03:08:09,I (22M) am losing my (27M) fiancé and it’s not fair.
2023-08-03,02:51:37,gf (31f) didn't tell me what she wanted during her mom's (56f) health crisis and is now mad that i (33m) gave her space
2023-08-03,02:49:30,please tell me this is abuse. i feel like i'm crazy.
2023-08-03,02:42:53,Is my (20M) girlfriend (20F) cheating on me?
2023-08-03,02:27:37,craving intimacy (20f)
2023-08-03,02:27:09,"Struggling with Insecurities from the Past, Need Help in Dating & Building Confidence. Any Advice?"
2023-08-03,02:18:04,How to get over a LDN guy I never met?
2023-08-03,02:04:44,My bf (22m) betrayed my(24f) trust again by saving nudes of random girls and I want to break up but he doesn’t.
2023-08-03,02:02:02,Boyfriend (M19) cheated on me (F18). Has anyone got cheated on and stayed? Has it worked out well in the end? Are you still together? Advice?
2023-08-03,01:59:20,Heartbreaking Decision: Seeking Advice on Separating from an Inseparable Relationship
2023-08-03,01:59:01,"My boyfriend (M22) keeps disrespecting my (F21) boundaries. We talked about it but I'm not over it. Advice, please?"
2023-08-03,01:47:32,My(M20) gf(F20) carpooling alone with a male friend she’s hooked up with in the past ?
2023-08-03,01:37:06,"Saw the man (28M) I’ve (24F) been seeing sexting other women, & then lied about it. Thoughts?"
2023-08-03,01:33:07,My (30F) boyfriend (32M) have been together for 2 years and his mom (59F) has moved in with us indefinitely
2023-08-03,01:31:16,"My partner(M26) is going through a life transition, how can I(F22) support them without overcompensating myself?"
2023-08-03,01:28:16,"My bf avoids sex with me because he can make me cum with his dick alone only 5% of the time, unlike other women he's been with that the frequency was much higher. Makes me feel shit as a woman."
2023-08-03,01:20:18,I [20F] think my boyfriend [21M] has been tainted by porn. I dont know if I am being paranoid.
2023-08-03,00:58:30,Should I 23F continue dating 26M after finding out he's my friend's Ex?
2023-08-03,00:52:21,Is he selfish or am I?
2023-08-03,00:37:17,I (23M) suffers from the past experiences from my girlfriend (28F)
2023-08-03,00:32:24,I (22f) think my boyfriend(23m) has gotten bored of me
2023-08-03,00:08:23,I (22M) confessed feelings to a relative (23F) of my ex
2023-08-03,00:05:21,I [25F] don’t know how to approach this situation. [28M]
2023-08-03,00:01:46,Am I in the wrong for walking out of a family get together?
2023-08-02,23:56:28,My grandma (78F) wants to accompany me (26F) to a concert because she fears I’ll get kidnapped
2023-08-02,23:50:01,Bf(24M) lied about me(23F) to his female friend?
2023-08-02,23:45:42,Need help moving on from ‘The One’
2023-08-02,23:39:25,I (f16) broke up with my manipulative boyfriend (m16) and now I think I'm a lesbian
2023-08-02,23:31:00,Please help F22 M21 4.5yrs
2023-08-02,23:24:51,My girlfriend (18) doesnt want my cat ive had since i was 5 to live in our apartment.
2023-08-02,23:17:44,Today she sent me this 18m and 18f
2023-08-02,23:06:18,(30M) with (31F) What am I dealing with in my relationship?
2023-08-02,23:02:56,My (19M) gf (19F) is scared to get intimate
2023-08-02,23:02:40,"Should me and my boyfriend, who I'm on a break with, remain contact or no-contact"
2023-08-02,22:37:19,I think I need help with toxic relationship. I just need to lay out somewhere (long post)
2023-08-02,22:31:43,Why would a married man (30M) tell a single female (27F) about his marital issues?
2023-08-02,22:23:52,I (20f) despite my 9-5 made time on my day off to see him (22m) but he canceled last minute
2023-08-02,22:22:52,Is a high body count something to ever look past?
2023-08-02,22:10:15,How to communicate to my(F31) boyfriend(M35) that his late anniversary gift is no longer appreciated
2023-08-02,22:07:20,28(f) hygiene issues with 31 (m) boyfriend
2023-08-02,22:04:44,My (31M) financial future or my girlfriend (30F)
2023-08-02,22:04:24,I (F20) feel like my relationship is dying and my bf (m23) doesn't really respect me anymore
2023-08-02,22:01:52,My best friend (29F) is in an abusive relationship - how can I help her?
2023-08-02,22:01:45,"My [35m] mother-in-law [71f] is ""setting a boundary"" with my wife [34f] about where Christmas is going to be, and I don't know how to navigate the situation."
2023-08-02,21:56:47,Should I (26F) lose my virginity to a porn actor? (Please read everything.)
2023-08-02,21:55:32,"My(23F) boyfriend (24M) is amazing, but I’m not sure he is the one. I don’t know what to do (Long post alert)"
2023-08-02,21:52:23,I (25F) may have rejected my crush coworker (29M) at work and don’t know how to act.
2023-08-02,21:50:51,My (40F) son (16M) stayed over at a girls house and I don't know how to feel about it
2023-08-02,21:32:28,My depression is killing my sex drive and it’s making my partner feel bad
2023-08-02,21:27:42,My(20f) Boyfriend(25m) is having a baby with another woman(23f) and idk how to feel about it.
2023-08-02,21:26:24,My depression is killing my sex drive and it’s making my partner feel bad
2023-08-02,21:26:20,My depression is killing my sex drive and it’s making my partner feel bad
2023-08-02,21:00:05,"Im not sure if I was wrong to get mad at my partner, because they said they would sleep with a prostitute."
2023-08-02,21:00:00,"Im not sure if I was wrong to get mad at my partner, because they said they would sleep with a prostitute."
2023-08-02,20:39:06,Is it bad I miss the old days?
2023-08-02,20:36:09,Is it bad that my (16f) boyfriend (16m) doesn’t feel jealousy whatsoever?
2023-08-02,20:21:40,"My (21F) boyfriend (24M) cheated/lied and has now changed, but I can't forgive him"
2023-08-02,19:57:47,Need perspective: My GF (32F) keeps asking me (31M) to make more money. Inputs?
2023-08-02,19:38:31,I (M26) still very much in love with my ex (M27)
2023-08-02,19:38:27,Guy (31m) that I (31f) have been talking to has so many red flags that I’m curious if anyone else has known someone like this & can give insight?
2023-08-02,19:34:31,I 22f am struggling with my boyfriends 22m family.
2023-08-02,19:32:03,"Should I take a break or break up? 21M and 20F, we’ve been together for 3 months."
2023-08-02,19:31:28,"I (38M) have been married for 4 years now, but during this time, my wife (31F) has never shown affection. She refuses to kiss, embrace, or even touch me. She is very angry and toxic, and has committed domestic violence against me multiple times. Should I stay or should I go?"
2023-08-02,19:29:50,What are realistic expectations of your partner in a commited long-term relationhsip?
2023-08-02,19:28:48,I'm starting to lose my mind over this (Me 22 (M) and her 22 (F) )
2023-08-02,19:27:49,"25f socially bully me 25m in university, how can I do better"
2023-08-02,19:19:50,"My (M36) partner (F39) no longer wants to have sex after a number of health issues and I understand, but don't know what to do"
2023-08-02,19:12:58,"UPDATE: I told you about my (16M) mother's (34F) boyfriend (24M) slapping my face whenever I swore at my mother. I apologized to them and promised I would do my best to behave myself. Her bf gave me a hug and said if I cleaned up my act, he'd support my like I was his son. Is this a good sign?"
2023-08-02,19:03:20,Confusing state for me (34m) and my gf (35f) after her ex died
2023-08-02,19:00:23,"24F dating 35M, do I have trauma or is he an ass?"
2023-08-02,18:59:06,"I 21M am so tired of FaceTiming my girlfriend 18F, my choices are limited, I don’t know what to do"
2023-08-02,18:54:26,I think my BF is cheating on me
2023-08-02,18:51:46,My(21F) boyfriend(22M) wants to have s3x with other people
2023-08-02,18:43:49,Is this how adults make friends?
2023-08-02,18:37:40,Should I break up with her?
2023-08-02,18:14:47,boyfriend (m20) is in a depressive state and i (f19) don't know what to do.
2023-08-02,17:55:32,My (36m) wife (36f) is accusing me of trying to emotionally steal my son (12m) from her. Please help
2023-08-02,17:52:54,"I’m (36m) feeling so exhausted and alone lately, even in my marriage (35f). What can I do to improve my situation?"
2023-08-02,17:52:48,Does my mom act like a normal parent?
2023-08-02,17:40:02,"How would you “break up” with a friend? (Me-29F, her 29f)"
2023-08-02,17:36:28,I’m (F21) my boyfriend (M24). Is it really cheating if he’s liking women’s pictures online and talking to his ex?
2023-08-02,17:25:56,How to tell a girl (18F) that I (18M) was previously interested in that I no longer am?
2023-08-02,17:22:38,My GF [23f] has depression and problems standing up for herself. I [28M] feel like I’m at a dead end. 6 months together.
2023-08-02,17:15:18,Ex (M24) is dating the girl he told me(f20) not to worry about
2023-08-02,17:11:09,My(21f) bf-to-be(22m) wants to meet his female friend whom he seems to have a crush on .
2023-08-02,17:10:09,Ending a few budding relationships to continue another
2023-08-02,17:08:27,Unspoken words to my(27) SO(25)
2023-08-02,17:04:29,"I [27 M] am struggling with my girlfriend's [30 F] parenting situation, but I don't know what to do"
2023-08-02,17:02:12,My boyfriend (22M) wants me (23F) to spend less time with my single guy friends
2023-08-02,16:58:35,I argued with my crush over a stupid thing
2023-08-02,16:47:42,"""What have you (38M) done for me (35F) lately?"""
2023-08-02,16:47:04,Am I a bad person for wanting to go out without my partner?
2023-08-02,16:29:36,I (18M) want to leave my mom (39F) or things will get worse
2023-08-02,16:28:47,My mental state has been at it's worst since her....
2023-08-02,16:23:59,How do I deal with a boyfriend who doesn’t like my family and a family who doesn’t like my boyfriend.
2023-08-02,16:22:38,I’m (19F) reconsidering my long-distance relationship with my boyfriend (19M). Should I talk to him about it on the phone or in-person?
2023-08-02,16:19:38,What is y’all’s opinion on who should pay in the relationship?
2023-08-02,16:14:05,My (F24) partner (M25) developed feelings for someone else. And I still think about it. How to get over this?
2023-08-02,16:11:37,Is my best friend a hypocrite?
2023-08-02,16:08:02,Me (22M) and my girlfriend (20F) have a very dead sexual life.
