date,time,title,link
2023-08-06,19:47:58,"UK's July car sales jump on strong EV demand, industry body says",https://b.thumbs.redditmedia.com/FiwAbIKJPR7420p41mQdW0iwGJaIM9kXpl99Ms42Pls.jpg
2023-08-06,15:19:35,Dad batters schoolgirl with metal bar for wearing make-up then walks free from court,https://b.thumbs.redditmedia.com/SEJmZsP3MOsvQgW1YhUddtfLCP95U33VXQvz9JLPkiY.jpg
2023-08-06,14:28:53,"Defence chiefs have sacked 5,000 soldiers for drug abuse in just five years, figures show",https://b.thumbs.redditmedia.com/Si_FNv7PLvnuUKC_DXOBycPI1ZGTsLRpUbo3mZAhI9g.jpg
2023-08-06,14:28:25,‘He should be a custodian’: London allotment holders lament duke’s bid to build flats,https://b.thumbs.redditmedia.com/XZ1cdGaIoCKhim4fe7ZeBm4BDOMHjxKoPMXSozsIEok.jpg
2023-08-06,14:11:11,Five arrested as protest halts elite UCI cycling race,https://a.thumbs.redditmedia.com/af6vpcuLcmPe9ZXSVFOz8WDkqmp2Ni2i7n3ERrESEi4.jpg
2023-08-06,13:08:45,South Yorkshire Police constable sacked over racial slur in Snapchat video,https://b.thumbs.redditmedia.com/SdgrkpNEGzo0F4aaux5MPlB1zJZjf_SdPn4ahEVspSE.jpg
2023-08-06,12:55:35,The Crooked House: Fire rips through famed 'wonky' pub,https://b.thumbs.redditmedia.com/dXgbRHNwI0UVTQ5VrS37b7foGw11ODKl5tuNptyGb6c.jpg
2023-08-06,12:18:15,Jamaican ex-banker wins right to remain in UK after ‘unlawful’ Home Office detention,https://b.thumbs.redditmedia.com/7hSQLuAT50-s-Kg9xI3uDKcin0YytQ47kx1XmkxClvw.jpg
2023-08-06,08:59:21,"Labour would keep housing asylum seekers on barges if elected, shadow minister admits",https://a.thumbs.redditmedia.com/eVVQc_HhG72Lxif5Yfev5WVEmQXah6vlEg8JDSSRRg8.jpg
2023-08-06,08:31:28,"Buy now, pay later medical loans on rise as desperate patients go private amid NHS backlogs",https://b.thumbs.redditmedia.com/qmkFFke2eUiboRLH1ubyifBjFB8J_IpAfzda9ye5sSk.jpg
2023-08-06,07:50:18,"St Agnes, Cornwall rammed to the gunnels for it's summer Carnival",https://a.thumbs.redditmedia.com/ZxfDWNpPGWCmqVqTwOUA-omLl1UfY0H84-Di3SREFv8.jpg
2023-08-06,06:26:29,"Ulez just the start and similar scheme needed for buildings, experts warn | Low emission zones",https://a.thumbs.redditmedia.com/YtOvTopvHfoS-cAQkJfRY8bT6broVK5cKutaUZjo084.jpg
2023-08-05,23:32:49,Prison living costs rule scrapped for wrongly convicted,https://b.thumbs.redditmedia.com/pXHBiP7jBPpaVA06600YNKBuxfKEr-8G7wwsLUuwnXc.jpg
2023-08-05,21:40:49,Paedophile musician Ian Watkins in critical condition after being held hostage and 'brutally' stabbed by prison inmates,https://b.thumbs.redditmedia.com/kTR1WNSwIRFOv-urXYjPDe8UwOp-rKQbOadHAUzZ2RI.jpg
2023-08-05,20:05:27,RAF completes NATO air policing mission in the Baltic after intercepting 50 Russian aircraft,https://b.thumbs.redditmedia.com/3RXDShYVEudRHIdP3L1G1pvz_AfszlvrPDOpkRTHPkA.jpg
2023-08-05,19:24:03,UK offshore wind at ‘tipping point’ as funding crisis threatens industry,https://b.thumbs.redditmedia.com/4-LeKpGi5muMPbYV5ZB5yfa3iMjwHrkMLjYfwOJq-kE.jpg
2023-08-05,19:22:52,Motorists may be due refunds after CCTV fines ruled ‘illegal’,https://b.thumbs.redditmedia.com/2fYVnw2amgi0LLh2h8qfk18qNxUACg0R3gqAl4njiaA.jpg
2023-08-05,18:19:20,BBC admits wrongly claiming far-Right groups attended anti-Ulez protest,https://b.thumbs.redditmedia.com/P0e_oFRbwDbIRiltXP0gvKRr85qWIPeWAWDYgBBNE4w.jpg
2023-08-05,18:17:50,Jeremy Corbyn to ‘have a think’ about London mayor bid,https://b.thumbs.redditmedia.com/pMCpvnfs_6FjdLADIWL-adtF7qfN3iHiCjncIdXC5xo.jpg
2023-08-05,17:43:46,The UK’s Ministry Of Defence Denies Knowledge Of UFO Retrieval Programs,https://a.thumbs.redditmedia.com/H8qHgBjsoqz6NuZK7OSCizObuEciZStsh_FNKnojBp8.jpg
2023-08-05,17:32:52,Landline phones to be installed in Scottish prison cells at £8.5m cost,https://b.thumbs.redditmedia.com/83MyiTk7Uacis-tAEdsqZxv7X50eogaQ8LgYsN0OWXg.jpg
2023-08-05,17:22:04,"UK banks are closing more than 1,000 accounts every day - Nigel Farage calls for royal commission as data shows big jump in customers being ‘debanked’",https://b.thumbs.redditmedia.com/M-QwP_CjnypY32oqoUAWGQtNNlW8Vb9aTSUNt4zicro.jpg
2023-08-05,16:45:47,Investigation after 57 swimmers fall sick and get diarrhoea at Sunderland world triathlon championship race,https://b.thumbs.redditmedia.com/PaeQi4N-vUyMvQKXEFPZ6Z7B3cZqKCwxZBXlNCR-qEs.jpg
2023-08-05,16:28:13,"Help with UK energy bills unlikely this winter, suggests Grant Shapps",https://b.thumbs.redditmedia.com/E9y38nfN4nCr6ldrhzR4xKeT7fg7jjGb4i7VSPaR_9w.jpg
2023-08-05,15:12:23,Gary Lineker received standing ovation in Marks and Spencer after BBC MOTD row,https://b.thumbs.redditmedia.com/bN8nAUFLvjs54U22Gut9EaxHH38Fjgd0hudaTQBruSI.jpg
2023-08-05,14:21:10,Joe Pasquale impaled in freak moose antler incident in Skegness,https://a.thumbs.redditmedia.com/Ofi9kr-CAnJeQQgUeHUj2eRYtG5YqIcZuH_gJ2hzp48.jpg
2023-08-05,14:14:35,New driver clocked at 102mph - just four hours after passing test | ITV News,https://b.thumbs.redditmedia.com/6_QNPcGtwlg5ZJxaRsOFNYryqS_dFB-ZkLa3MHOA3nM.jpg
2023-08-05,13:21:00,Met Office warns of ‘threat to life’ as Storm Antoni hits UK,https://b.thumbs.redditmedia.com/TdNs78idfXbqDF2VUq87YLJY83zzASqsFNlsL1iNWCw.jpg
2023-08-05,12:42:27,Card retailer Clintons ‘looking to close a fifth of stores’ to avoid going bust,https://b.thumbs.redditmedia.com/-c_yNqyRxkARX9-HRqOG67dwSwUgNLf9kCyeqt780_I.jpg
2023-08-05,12:14:03,Delay to Brexit food import checks 'seriously disregards' farmers,https://b.thumbs.redditmedia.com/u6-Nqb9heRyPh54uf_eJQ4bGteN7JdoBO9L-CY0oUoU.jpg
2023-08-05,11:31:36,Urinal appears on the side of Sonning bridge over River Thames,https://b.thumbs.redditmedia.com/0_UZOxz2vfCWCN42Y0DdShj3pRqhNqeuryeEkVeVBfI.jpg
2023-08-05,11:17:06,Operation Eremon: Met Police launches new mission to stop anti-Ulez activists wrecking cameras,https://b.thumbs.redditmedia.com/cL_jayeO4Ii7VkpwluqcRpBj3RL7SwxsLLdyd6TKzUg.jpg
2023-08-05,09:24:56,Jackie Baillie dismisses claim of UK Labour running Rutherglen campaign,https://b.thumbs.redditmedia.com/VTdcU5g471OLJ1Zm_aI1D9qBLjIMq1k_a-UX3FeLt-Y.jpg
2023-08-05,09:08:56,'We're being forced to sell our holiday homes because of council tax raids': Second home owners lose their properties in Welsh beauty spots as levy rises by up to 300 per cent.,
2023-08-05,08:35:44,Government demands Covid inquiry gives evidence back,https://b.thumbs.redditmedia.com/K-BmkTYp6u9YvSCFJ7ZycynibfJIv3UJ6DWHCxziqLo.jpg
2023-08-05,08:17:22,Trade union announces partnership with charity 'to eliminate need for foodbanks',https://b.thumbs.redditmedia.com/eT2Q_JI_1VZjmFJTcwY5hrfq2XjOFfcnDtKfCeF_Ibw.jpg
2023-08-05,07:09:25,'The war on drugs has failed’: Sir Richard Branson tells LBC there needs to be ‘radical’ drug reform,https://b.thumbs.redditmedia.com/fWSn6u1l7_BJNyugdFQAkerOQ-SHxKqk8QffLizaIkA.jpg
2023-08-05,06:38:42,"'Gun threats to a lollipop lady, attack dogs left to roam wild, locals terrified': The traveller branded 'worse than a pig' and deported from New Zealand now causes outrage in rural Lincolnshire (after demanding people PAY HIM to leave his last village)",https://b.thumbs.redditmedia.com/yYYOf092swnURcUNiBWGeOdF4KYlLzx8z2WCsABRS6I.jpg
2023-08-05,06:22:40,Police ‘hope to recover’ missing CCTV of woman who claims she was raped in custody,https://b.thumbs.redditmedia.com/Migdv1nvMbFM4y4H9cFoCoVc_06EQHgPHF7NpuYwlow.jpg
2023-08-05,01:19:13,Labour would extend right to wild camp to all English national parks | Land rights | The Guardian,
2023-08-04,23:38:20,UK children to move to Seoul hotels as heatwave hits World Scout Jamboree | South Korea,https://a.thumbs.redditmedia.com/Ib6jDb8qo_AinEM43Bw0GRH8PPotfwCy8tu-vhK23j4.jpg
2023-08-04,22:55:47,Child killer who fled UK in dinghy jailed for murder,https://b.thumbs.redditmedia.com/pLOwvDUlydO4r2npxBwGRDGEyIX7u03a87LWG_9Nm1I.jpg
2023-08-04,22:42:38,Warning to Crossland Park users after dog is killed by American XL Bully with a bite history,https://a.thumbs.redditmedia.com/FL07t6EnlILmncaU8ZPCaGJmXtU5J7gRsHGWhJxHWm8.jpg
2023-08-04,22:41:36,Assembly Festival 'could collapse' over £1.5m City of Culture debt,https://b.thumbs.redditmedia.com/hs7D1v9XneBJ0QsTUkpK38zvhjWjQvWrOOBsqLFa-OA.jpg
2023-08-04,22:28:31,"Mayors of Oslo, Montreal and Milan back Sadiq Khan on London Ulez plan | Low emission zones | The Guardian",
2023-08-04,19:58:51,"Fears of food inflation rise as UK harvests hit by cool, wet summer | Food & drink industry",https://a.thumbs.redditmedia.com/Gnw5DB9pZ6IPt41ZFiy9j0Mf1pRz7fIGJkX6oJxfPN4.jpg
2023-08-04,18:53:22,"Rohan Shand: Boy, 15, found guilty of murdering teenager",https://b.thumbs.redditmedia.com/BwxDPlYeG_S9PF0bA40Lzx_HDvtH9LGJiIYb428yeOQ.jpg
2023-08-04,17:44:55,Bibby Stockholm: Police probe letter threats to migrant barge firms,https://b.thumbs.redditmedia.com/oNU3R6wb-0MFFh_A_Rt8nNGa0EMTnM7WsvzyZy-X9dk.jpg
2023-08-04,17:13:23,Royal Navy warship assists West African nations with maritime security,https://b.thumbs.redditmedia.com/7B0tZolBAObMo-XAwBqgP1qxeJJuonS-Xp6BTYkzMko.jpg
2023-08-04,17:01:00,“Game changing” drones to help search for lost dogs across Sheffield,https://b.thumbs.redditmedia.com/OeFGVb47K9oy2pFB9rs9ljfBV162jqhniquzWdeygLo.jpg
2023-08-04,16:07:42,TikTok influencer Mahek Bukhari guilty of murdering men in crash,https://a.thumbs.redditmedia.com/l9pyKqVjNVWbd7VqOPG19qzp9No-oVc_GhcaiB5qnU4.jpg
2023-08-04,15:27:58,Should wolves be reintroduced into the UK?,
2023-08-04,15:23:15,"A third of Brits feel the voting age should be lowered to 16, study finds",https://b.thumbs.redditmedia.com/Qo9W4vDrdrqf79RuV_Hixo-KrcLSqHzSpsUxSod6zOg.jpg
2023-08-04,15:10:10,Llangrannog: Welsh speaker wins English-only parking fine case,https://b.thumbs.redditmedia.com/SJuibcufkbUs3g1KVsX-3JpbVGUwEzaBeSx7-k31ENU.jpg
2023-08-04,14:11:49,Rishi Sunak strolls along sun-soaked California pier with his family in holiday photos,https://a.thumbs.redditmedia.com/h9xPp9a31W1aiuXa9WI_f9U5vcu6jgJpIcQsKPToQ10.jpg
2023-08-04,13:44:19,Suzy Eddie Izzard announces bid to become Labour MP for Brighton Pavilion,https://b.thumbs.redditmedia.com/4kNpQV3w3aN6w8sv1z75_0EqF6GP1lVXrHth8KB6H1s.jpg
2023-08-04,13:23:51,Stepfather jailed for life for murder of baby Jacob Crouch who suffered 'car crash-like' injuries,https://b.thumbs.redditmedia.com/CJYyOOqKbbe-zqJEvGVk6daAUKcr1APoePIczycnixI.jpg
2023-08-04,12:46:42,4000 UK Scouts pulled out of camp after S Korea heatwave,https://b.thumbs.redditmedia.com/UzNDV-Pfxh27JlgbMmEMGjvMxik5ohZFD8rij4gAeNU.jpg
2023-08-04,11:26:00,England’s playgrounds crumble as council budgets fall,https://b.thumbs.redditmedia.com/rO6b23p6jvkbitF6O1jcc7D70NZeBf4icpboR1WWSEA.jpg
2023-08-04,10:47:39,Man left housebound by potentially deadly meat allergy triggered by tick bites,https://b.thumbs.redditmedia.com/JkAR-RvV_XRziQi30kqKRce9lrX51GtkNiTAIbmtOuY.jpg
2023-08-04,10:42:41,Sewage caught on video pouring into sea at beach where people 'swam in poo' | ITV News,https://a.thumbs.redditmedia.com/Raj_pnCwn-o0lGBTG45uJG3bx7AcIR5OpD0RqEWyrM4.jpg
2023-08-04,10:39:50,Pregnant crash victim’s partner says killer’s sentence ‘insulting’,https://a.thumbs.redditmedia.com/Ht9MupWwwQUYC71wP7lysMUcqabm-XYcpVhVB2xJlM8.jpg
2023-08-04,10:25:53,Daily Mail climbdown on Brexit border chaos says it all,https://b.thumbs.redditmedia.com/kTNRFMQ1QhyZqvG1lDDK335x3-Ue1VsLwUsA7YB_laI.jpg
2023-08-04,10:04:28,Rise in outsourced UK government services failing to meet standards | Outsourcing,https://b.thumbs.redditmedia.com/8IyepXw9KJZG3OX_0CEbfUD3af3rKVQzhnzUQL54bjs.jpg
2023-08-04,08:22:22,Investment community embraces UK move to duplicate ISSB standards: ‘right direction’,https://a.thumbs.redditmedia.com/kyQsn05pNzT1aH1Q1q2WQa3_Yb5xgua9z_g4hziwIg4.jpg
2023-08-04,07:47:45,Conspiracy theories and disinformation mar local election,https://a.thumbs.redditmedia.com/735-n3lgoyzUXkNC-VBPbrffkrfO5iwCk-vvfWM9Wk0.jpg
2023-08-04,07:15:15,What has gone wrong at Wilko?,https://a.thumbs.redditmedia.com/cyUh-SxDZSeNAbCQa0tOQjJSB_dUMvV4Fy07SWp8fo8.jpg
2023-08-04,06:40:43,UK co-ops urge political parties to support movement at next election,https://b.thumbs.redditmedia.com/mmJuAKrQ8xyBtSKBD6RGZLK7uMknsksQB5Rqwry_OpE.jpg
2023-08-04,01:45:25,Govt turns to private sector in attempt to cut NHS waiting lists,https://b.thumbs.redditmedia.com/1wvRWfk8TYDJVYlnmZOWlXnIKQ6RT5Uoy1HkANT092E.jpg
2023-08-03,22:52:35,Welsh police search for thief after 14 beehives go missing near Llangollen | Wales,https://b.thumbs.redditmedia.com/LuUocMWu52F99JYZyc9vc71CYtzX7Nx7Wc87XbtsQFc.jpg
2023-08-03,21:33:45,Sadiq Khan expands London Ulez grant and scrappage scheme,https://b.thumbs.redditmedia.com/3DMxBp_6_sCz1x6et9d36cBL3VWx_1AmDeZdJJks8gM.jpg
2023-08-03,20:05:56,Terrorism: What's behind surge in arrests of under-18s?,https://b.thumbs.redditmedia.com/mRoJscFkq8i-suK9mLmL4BF1j--2mPCd2CE7FGCju4E.jpg
2023-08-03,20:00:33,"HMS Prince of Wales due back in Portsmouth after nine months of repairs, says Navy document",https://b.thumbs.redditmedia.com/WpebeHnDt9QzJzECakPW1CK-wquH8ZqlVwlWlQM8suU.jpg
2023-08-03,19:48:22,Mail Online says Dan Wootton column on pause while allegations investigated,https://b.thumbs.redditmedia.com/RuPBdmoZM4JvZwHQXYrB6gKuCtLm88ytG-Bu4DY3wKQ.jpg
2023-08-03,19:45:55,Rishi Sunak's stand-in blasted for 'childish' attack on firefighters over migrant barge,https://b.thumbs.redditmedia.com/Oc02900kAoODBeAQHNdooe-SE8vMTdmHzBIMpi7BB_w.jpg
2023-08-03,19:19:54,Shopping: John Lewis staff use bodycams to deter thieves,https://b.thumbs.redditmedia.com/xDFBO3IQLxnyf6wSlbNtC1sP33ioWfJm8UP3Bi671kE.jpg
2023-08-03,19:18:52,Harry Blake: Paedophile jailed on terror and indecent image charges,https://a.thumbs.redditmedia.com/JOCXmS8Ie11XTsn3NsrldqWvR_vVnUn1uRDf_O0MlU4.jpg
2023-08-03,18:52:21,"Red Admiral butterflies: Climate change sees migratory species stay in UK, says charity",https://b.thumbs.redditmedia.com/_ZY4H6fJ4I6HpR-mQQSsi2cDtognRo1OIvPuGpGB1lU.jpg
2023-08-03,18:50:37,Sarah Ferguson: Duchess of York names reconstructed breast 'Derek',https://b.thumbs.redditmedia.com/DyCbK5howswwlNNCddpD5zpTz1-wX5zSlvB70bYuXyA.jpg
2023-08-03,17:25:18,"Average London rental could hit £2,700 per month next year - City Hall",https://a.thumbs.redditmedia.com/oKHw6qFI_I3mX3KInaY6QUk_uslEDrB8ktbnQwZNho8.jpg
2023-08-03,16:43:36,"YouGov: What should living standards look like for people on benefits, minimum wage, and average earnings?",https://b.thumbs.redditmedia.com/3EWz-EKqBLrX9Go4Zup9p5sN1rJrvngkn87Xw1h8sdw.jpg
2023-08-03,16:21:37,Men who murdered aspiring lawyer Sven Badzak after Waitrose trip in case of mistaken identity jailed for life,https://b.thumbs.redditmedia.com/iZsrsmvNZsClmlJyMqGC-v-hLwf6vUhWlJgm00Z5JuE.jpg
2023-08-03,15:33:23,Dog owner caught on CCTV violently kicking lurcher 15 times in a minute,https://b.thumbs.redditmedia.com/cew13uw7iefhibwzD28v0xW58grctKR5svJctfmwVes.jpg
2023-08-03,15:17:55,Lancashire Police dog shot dead after mauling handler,https://b.thumbs.redditmedia.com/Dc4oUXA7tA_ZTbbE39q-dxOy4OWU3Nxy2qNnPHYpsGc.jpg
2023-08-03,15:15:09,‘The show changed my life’: The people who were inspired to come out by Heartstopper,https://a.thumbs.redditmedia.com/2zAZ3hdBtjw6CQGyd0JtVFiKqA43aCwQePDWhlLrep4.jpg
2023-08-03,15:05:46,British Rowing: Transgender women banned from competing in female category,https://a.thumbs.redditmedia.com/qeJhVPycCR9rZVO0ezbt1LQGn7UotfoMFQTHJsA7ec0.jpg
2023-08-03,13:52:08,One in 50 Londoners homeless and in emergency homes - London Councils,https://b.thumbs.redditmedia.com/385Zrd9VzJj6jIrNlRmoQZf7VLN5sNIda8sstvOIgVw.jpg
2023-08-03,13:32:29,London Underground: Tube mishap sees train pull into abandoned station,https://b.thumbs.redditmedia.com/00BM3480dss6K2Pvtld76LyOkAGHpNk_BI0hnk_LiKo.jpg
2023-08-03,13:31:36,London got knocked out of Fortune Global 500's top 5 cities for the first time in five years—but another city in Europe is giving it competition,https://b.thumbs.redditmedia.com/zqiy2N_J5s3UGTutMltdzPgd6RrW0jAaGuqDAAqX2Cw.jpg
2023-08-03,13:12:35,Chess to get funding boost to foster young talent,https://b.thumbs.redditmedia.com/Qng8nGoWN0PZR8NcCocsQOnUAAwlRjYk0xW6S2ow5xo.jpg
2023-08-03,12:35:07,"Rishi Sunak's California Dreamin': As the Star Wars-loving PM jets to Disney with his daughters - how he met his future wife at Stanford, proposed in the golden state and counts the Beckhams and Christian Bale as neighbours at his £5m Santa Barbara mansion",https://b.thumbs.redditmedia.com/PtcHwfFITAXXNPz9O5jFI7g9aNRB7rGcEVFpTrvWwbI.jpg
2023-08-03,11:51:00,Tourists from heatwave hit Europe holiday in UK to enjoy bad weather,https://a.thumbs.redditmedia.com/kQRseCHZ0auxmQW68B7E2o3Lxuyovb-MhaFLYnVMXN0.jpg
2023-08-03,11:26:28,"Nose-picking health workers more likely to get Covid, study shows",https://b.thumbs.redditmedia.com/qnYT1kMBe4a8NIuIP2aebEli9jWosxYw0c4vCgIUy8I.jpg
2023-08-03,11:23:17,Wilko on brink of collapse with 400 shops at risk,https://b.thumbs.redditmedia.com/oIw0EFZ1HELaUsH4DICI5f4rWzqs112BCLOY200z-Lc.jpg
2023-08-03,11:01:09,Bank of England increases interest rate for 14th time in a row to 5.25%,https://a.thumbs.redditmedia.com/uscHX7vgvV_FkKNLWpSLaeWT5tJQa5LDBfwsJJJ8wC8.jpg
2023-08-03,10:58:59,UK escaped the heat this year but must adapt faster to global heating,https://b.thumbs.redditmedia.com/ok9jWbVBD0YmEvXRVolIKLDKmlHruPkM8RJD96gE5hk.jpg
2023-08-03,10:33:59,Ex police chief slams 'major security breach' and demands probe after Greenpeace activists climbed onto roof of Rishi Sunak's £2m Yorkshire mansion,https://b.thumbs.redditmedia.com/YMlkmSA0HWLTgYgiACrrKQlb7z3RWqyBbukhFP-1fqQ.jpg
2023-08-03,10:09:30,‘Lack of hi-vis jackets’ delays asylum seekers boarding Bibby Stockholm,https://b.thumbs.redditmedia.com/Wjlq9-3cMevqh1yoBQU0aPbK5gsr2NsNrWVDY4OoKcw.jpg
2023-08-03,09:57:04,Jack Russell mauled to death in dog attack | ITV News,https://b.thumbs.redditmedia.com/gG7TW8scjFuNj54xxo9H9NT4P1MIvVM6CZv_Deoro7A.jpg
2023-08-03,09:06:13,UK alcohol tax changes: will your favourite drink cost more or less?,https://a.thumbs.redditmedia.com/-oFyH78cPwK5tl-4y2qgDrlS1vbfjpdLFA-vnd1HBD8.jpg
2023-08-03,09:03:10,Sympathy for the seagull: the much-maligned seaside icon at risk of disappearing,https://b.thumbs.redditmedia.com/wvPAme3rXsQhS1qzIit9jL8c6W8GOwLyH5YIpi66jhs.jpg
2023-08-03,08:48:39,We built a spaceport on a Scottish island,https://b.thumbs.redditmedia.com/UDwqRaXrE-R8bbWvsqazxGw2KyRwC7i_xIQ7Ola_ABE.jpg
2023-08-03,08:30:14,Greenpeace activists drape Rishi Sunak's £2m mansion in oil-black fabric after climbing on roof,https://b.thumbs.redditmedia.com/1UfkCYG-RBZ-LkhNwjDCeO9lVmqh4C-wu4iBdcYUwwc.jpg
2023-08-03,08:01:02,TfL ULEZ: Did the Conservative government tell Sadiq Khan to expand the emission zone to all of London?,https://b.thumbs.redditmedia.com/20sv9ZPqYppkYIdgPArinn465jmyBTAKh4KGR5OmeQo.jpg
2023-08-03,07:59:19,"Over-50s could deliver takeaways, says work and pensions secretary",https://b.thumbs.redditmedia.com/qXCanbJLXPd19A3tOfb9-5dmoNLrZLMzn-RLiFiZcYY.jpg
2023-08-03,07:29:11,Broken roads and broken necks: life in pothole Britain,https://a.thumbs.redditmedia.com/jM3UhkRym2lrongv1Xba6KlJPLxzKyi772ZtjQggMY8.jpg
2023-08-03,07:29:07,This country has the worst unemployment benefits in northern Europe,https://b.thumbs.redditmedia.com/T4NItfgfhwvvMaD8_w6ZnXRSKlMp4N2z6pHYY91T_lo.jpg
2023-08-03,07:16:55,Rajars: Radio 2 loses a million listeners as Ken Bruce boosts Greatest Hits Radio,https://a.thumbs.redditmedia.com/LOSnhSeneW9ixWDJEdqs9-nTWMpBB6ii70GU71rteI8.jpg
2023-08-03,06:40:39,Police review Welsh secretary's Gypsy and traveller leaflet,https://b.thumbs.redditmedia.com/CBFIX9T1R-QCJdgItxLMjUpWW5o_zPQJIfN-OkqVlak.jpg
2023-08-03,06:32:48,"Niger: First UK nationals safely out of the country, foreign minister says",https://b.thumbs.redditmedia.com/oPP9Ipb2I02hmfwG3lApxkPUuM_Sz19NUS17MoPHg0I.jpg
2023-08-03,06:11:15,LGBTQ+ abuse in care homes revealed,
2023-08-03,05:30:48,"UK traditional TV viewing sees record decline, Ofcom report says",https://b.thumbs.redditmedia.com/MMVuqgbnTLu-nrIEvbsMnI_g1JlkRruVexJSt-Cf3EY.jpg
2023-08-03,05:29:07,Child sexual abuse probe 'obstructed' by asylum hotel staff,https://b.thumbs.redditmedia.com/stI134VX3hBqZCPCpVnyOXFqWNsQhKcCoujzLdaqJrU.jpg
2023-08-02,23:27:08,UK interest rates expected to rise for 14th time in a row,https://a.thumbs.redditmedia.com/SOAmA6XflundTSPPJq8dvVw-5OrMPHX2ykAL5mQIoT8.jpg
2023-08-02,23:10:25,Ex-Coronation Street star and baker in social media cake row,https://a.thumbs.redditmedia.com/Q5Xd_lT6unW75ZO_TGHQmElXonlGDLel39q9UfWr-H8.jpg
2023-08-02,16:14:34,Minister rules out lifting cap on student tuition fees in England,https://b.thumbs.redditmedia.com/MlmuaI6uHUyTW2xt6z_uEhWgUiUcyEvfqFo5TZ0ktDM.jpg
2023-08-02,16:02:28,Warning over medical clinics using fake Google reviews,https://b.thumbs.redditmedia.com/j0DkLv0i68cJzu1naG55_910v4GqjWhGA7Yxh15jZqs.jpg
2023-08-02,13:50:00,"Why has an entrepreneur spent £25,000 on a disused staircase?",https://b.thumbs.redditmedia.com/LodM1WN7yjt0KtUQ4BSwpP0JISuelI-bbAcX2AzGpqI.jpg
2023-08-02,13:36:48,Should politicians be banned from reality shows as Boris Johnson eyes up I'm A Celeb?,https://b.thumbs.redditmedia.com/hzzgZtahVVQjgrvloLBJOAkt3GXfpEckigV_u2iQ3Ho.jpg
2023-08-02,13:11:55,"UK weather: 'Taste of autumn' as Met Office issues warnings for thunderstorms, heavy rain and strong winds",https://b.thumbs.redditmedia.com/t-Q45GTbv5rABVZz1ZQReDGVg_VSN9UZyTDLmcS_YFE.jpg
2023-08-02,12:47:11,"Rishi Sunak blames striking doctors for pushing up NHS waiting lists, in fiery exchange with A&E worker",https://b.thumbs.redditmedia.com/DD6KIn2GOpHrhqa40Ov1TffBOBDYRBpXut2U0BDTCLE.jpg
2023-08-02,11:58:46,"Nadine Dorries not doing MP's job properly, says Rishi Sunak",https://b.thumbs.redditmedia.com/HT1YxqkPhevi5Tts5NBVZSdC_xc68BwTx2_69RYDxVc.jpg
2023-08-02,11:40:59,"Transgender rapist, 19, is facing jail after she carried out sex attack on woman she invited into her home before she went on to identify as female",https://a.thumbs.redditmedia.com/cME7d7D9HhPxPhDNfUZY5Hsdfy1i-xdEcLnPCx4E894.jpg
2023-08-02,11:11:54,"Housing market hurt by rising interest rates, warns Taylor Wimpey",https://a.thumbs.redditmedia.com/lDZD3xrFi4aT_N3VFyigDlvXswvQFx3Rwj4q0qEcrT8.jpg
2023-08-02,11:02:52,"Nicholas Rossi: Rape suspect accused of faking his own death can be extradited to the US, court rules",https://b.thumbs.redditmedia.com/kGdvZQaURs_-ckUXOAVjtczJi4j739HQT2DMFAoSKhQ.jpg
2023-08-02,10:54:52,Climate protesters spray Scottish Parliament with red paint,https://a.thumbs.redditmedia.com/ZP6D6LSK1fSIbk1UtoQPq4BKf0QTRRFZGdxY_quEqo4.jpg
2023-08-02,10:07:48,Brits Have Fallen Out of Love With the BBC,https://b.thumbs.redditmedia.com/aPE62q_wsRUgSSAsyy8gsNMgiEnCVb2JOlT-3OjZANw.jpg
2023-08-02,09:52:14,UK weather: Severe weather warnings issued as strong winds and thunderstorms expected,https://b.thumbs.redditmedia.com/wlfX1nPv6J2ZrCzTz2-fogdWTJAC3IgMmMjXmTk8cAc.jpg
2023-08-02,09:44:43,Football authorities unite to stamp out vile ‘tragedy chanting’ by fans,https://a.thumbs.redditmedia.com/pxGABxe7lcAxxiDolF8d2QDRBy7Nqf6tbb253sglse0.jpg
2023-08-02,09:08:46,"Bibby Stockholm: Asylum barge not a death trap, minister Grant Shapps says",https://b.thumbs.redditmedia.com/dTWKb0lA1apxrBBjKma-PicdJBng-agE1dNTIyDoD-Y.jpg
2023-08-02,08:23:44,Medieval Altar Uncovered at England’s Exeter Cathedral,
2023-08-02,08:20:00,‘I don’t come here to enjoy other people’s children!’ Should pubs and restaurants be kid-free zones? | Parents and parenting,https://b.thumbs.redditmedia.com/eGn2CoMiDESjV0fkvrhJcEUTrdxS82uDchiiqufT6WQ.jpg
2023-08-02,08:19:10,An Offshore Wind Farm in England Hosts Hundreds of Potential Nests for Endangered Kittiwakes,https://b.thumbs.redditmedia.com/L0U3Ha8HC52fn7-d48s6mMmjP__qtlsnxc6ORNpg5hk.jpg
2023-08-02,08:16:28,This pubs bathroom in Edinburgh made their fittings from beer kegs,https://b.thumbs.redditmedia.com/HU8QuJ2JtWiMuvfr6hdmzIvwec0qzMOpyGyw-k4gj7o.jpg
2023-08-02,08:06:46,Anti-knife crime group Inside Success Union accused of harassing public to raise cash,https://b.thumbs.redditmedia.com/pSQeRNr9cA3G9EgyfuPdPoBAZ0aoENwukc-xbTmCC7o.jpg
2023-08-02,07:52:30,Boris Johnson ‘held talks to appear on I’m a Celebrity’ after Matt Hancock’s trip to the jungle,https://b.thumbs.redditmedia.com/gxYJg_7u57FeaFlkP4Pv-o6jzXH9jmRmi11uwYtCrzM.jpg
2023-08-02,07:22:05,Billionaire investor threatens to pull out of UK amid global outcry at new oil rush | Fossil fuels | The Guardian,https://b.thumbs.redditmedia.com/e8c_GE53a5yT1UDfwrWL4KPMaoRAvcWt76VMgdXfz9o.jpg
2023-08-02,07:12:16,Former British colonies renew calls for reparations on Emancipation Day | Slavery News,https://b.thumbs.redditmedia.com/GJoH5dMRvYiVNtt74lo1aTKbY3bz6NcjR_DU27tM9MM.jpg
2023-08-02,06:27:55,Trans people can wait seven years for NHS initial assessment,https://b.thumbs.redditmedia.com/uybkWzc-Ygj38EiofJC5svhVe-GtE1kRRXUwzjxCNIg.jpg
2023-08-02,06:15:28,"Missed bill payments back to winter levels, says Which?",https://a.thumbs.redditmedia.com/F1l7OswjrhonZTRFUrTHKA5wMOO5Q9QmnkENb9O-AS0.jpg
2023-08-02,05:05:30,BP’s £2bn profits cause anger amid climate crisis | BP,https://b.thumbs.redditmedia.com/m49FJJ1xH8fsVgILzNval-7E3kNIu5GeocOqtX7XvSU.jpg
2023-08-02,04:42:59,Debt Pressures Pushing Budget UK ISP TalkTalk Toward Breakup,https://b.thumbs.redditmedia.com/2q0uBdcy6q8CfVgCNGmjJ1UXDfE5BVILkKIs3aFgSMc.jpg
2023-08-02,03:51:56,"UK foreign aid cuts: Thousands will die as a result, says report",https://b.thumbs.redditmedia.com/cwqdwPhD0NdNwJ8X7lDbCELE3UCvDoffhL-fyITVnXU.jpg
2023-08-01,21:10:47,Northern Ireland and parts of England had wettest July on record,https://b.thumbs.redditmedia.com/qhcgdF6zclfDMfDlANOseT7lYa3roB_CHIVfMc7cXrE.jpg
2023-08-01,20:50:38,Captain Tom’s daughter refuses to demolish spa and pool block built instead of charity office,https://b.thumbs.redditmedia.com/dheA1cz3lpNUEzQOJU8hAchRPau5SUuKaCDZraWcmHY.jpg
2023-08-01,19:54:13,Brighton: Man jailed after woman films sexual assault on mobile phone,https://b.thumbs.redditmedia.com/29CV8PDWYlzhUN5pJtusWKclrgl-DflYBbHWYpdW4ag.jpg
2023-08-01,19:20:25,False claims in tweets about Ulez plans cause concern at London mayor’s office,https://b.thumbs.redditmedia.com/uRzCnTTE_nHYEwp_spmH_c2GiwOk4JiAle9ZuQ6PyBo.jpg
2023-08-01,19:00:52,Help! How can HMRC shut down its self-assessment help centre?,https://b.thumbs.redditmedia.com/d1E_VsutnAy9SR9nWuOD_BpaFnk9Ma3DNWmnkkiyFDs.jpg
2023-08-01,18:01:25,Broken Britain? 76% say UK is becoming a worse place to live as taxes and NHS crisis take toll,https://a.thumbs.redditmedia.com/-XdP2PxDzDH8XvnALiOpF42szflghyZh6GC2ERVpSE4.jpg
2023-08-01,17:54:13,Asylum seekers fight transfer to ‘quasi-prison’ barge amid delays and safety issues,https://a.thumbs.redditmedia.com/9rTukEx-KmNbjJbO47B59yytASy1i-kPyiv7ZoMbFx4.jpg
2023-08-01,17:35:30,Teenagers arrested over alleged mail train theft attempt,https://b.thumbs.redditmedia.com/AiviApwONpLuwgOhAGJS9ZXDfvM-g39S8xOe40Jb6Bw.jpg
2023-08-01,17:06:29,Boris Johnson in talks for I'm A Celebrity after Hancock's controversial stint,https://b.thumbs.redditmedia.com/BbaD9tU6zJYiKbwdGnXy4BxMinPBr36M21izga9r7TE.jpg
2023-08-01,16:42:28,Boris Johnson's swimming pool plans threatened by newts,https://b.thumbs.redditmedia.com/q3ItNZVdH8OqwEsfk5g812PFqSp1cjZQqfl6Z8L0w0o.jpg
2023-08-01,16:10:14,By-election to be held after COVID rule-breaker MP Margaret Ferrier loses seat,https://a.thumbs.redditmedia.com/hX8yiAyDcbl3g1sc_sYEmZ9LSUaiWxhzsMkJ0zwk1i8.jpg
2023-08-01,15:22:51,Quakers pledge to stand by trans Brits: ‘A gold-standard for other faiths to follow’,https://a.thumbs.redditmedia.com/zvLec-IpN_brZkoFp6hh-X9VCa53nce5o_Q3uHfBEN4.jpg
2023-08-01,15:11:40,Stunning James goals power England into last 16,https://a.thumbs.redditmedia.com/pvugYXWh2_aHqz0tjLRvKRjMkC8L0xANzIS1CmiGA60.jpg
2023-08-01,14:24:55,Brussels tells EU states: Ignore UK on post-Brexit trade,https://a.thumbs.redditmedia.com/FI1VGQCdMr7yZp8Jld_IzHBg9I060GLQc9kYfyeyR30.jpg
2023-08-01,13:48:31,Police cuts would leave one car to patrol entire Scottish road network at night,https://b.thumbs.redditmedia.com/pibP7NweWS0QV1ohAfs4ObZLPQADYsYCMwA8PrlunFA.jpg
2023-08-01,13:44:07,Royal Mail uses drones to deliver post in Orkney,https://b.thumbs.redditmedia.com/8eGVQ7PsOQpj3MTna1KCbnR4_0d1J29pP3a79n33BSY.jpg
2023-08-01,12:41:14,Eurochange worker who claimed she was robbed and threatened with scissors was in on the £67k heist,https://a.thumbs.redditmedia.com/WEHuyVzUFiLi7DfSVXP_S7vyOosUG_avWObydIw-R34.jpg
2023-08-01,12:28:41,How Labour wooed the City: Keir Starmer’s offensive is working on business,https://b.thumbs.redditmedia.com/1Z87DRUqai72TQf2Izyy0wWPBSAf-Bvdcq7f9BetJyQ.jpg
2023-08-01,12:26:48,Laura Kenny not expected to compete at Paris 2024 Olympics after birth of second child,https://a.thumbs.redditmedia.com/bZYKJ_sNYgB9Vx4u9JCw617ifQopufrzJAscRUc71d8.jpg
2023-08-01,12:12:35,Banks accused of closing accounts belonging to British Muslims,https://b.thumbs.redditmedia.com/8JJ_fTuiDIAgntR3hdaIv2ra4f2bEySgb8sVSW-Qh3g.jpg
2023-08-01,11:11:40,‘They are putting every kind of obstacle in the way’ – hauliers complain of surprise customs checks in UK,https://b.thumbs.redditmedia.com/CVIDaNAia-44mgxKYPebLe4Q7oW6I35LKLSIOJH2vcE.jpg
2023-08-01,11:00:43,Costa Coffee threatened with boycott over a single cartoon drawing of a trans man,https://b.thumbs.redditmedia.com/lv6LYX5isiABBnphV10LACORyhj8pXZZvpajbyS3Ihg.jpg
2023-08-01,10:13:29,New Barbie-themed anti-Tory ads spotted in London: ‘This Barbie is gagging to deport your grandma’,https://b.thumbs.redditmedia.com/6Na_kCOfc_aA1cr9kWzvR5nbA9Pgbgun2h6YxJKCzoM.jpg
2023-08-01,09:49:45,"Ignore the doom-mongers, says new UN climate change chief",https://b.thumbs.redditmedia.com/Xy3eqDTgeIBaaHegYYbP2t_ww3KufujhDWbwAfzc3YQ.jpg
2023-08-01,08:54:08,"UK house prices fall at sharpest rate for 14 years, says Nationwide",https://b.thumbs.redditmedia.com/1Ku5AOHaklvaoqIXvcqF-xq895R1zmNn0RufyjRwpuo.jpg
2023-08-01,08:48:48,‘They hate Burnham. They’re furious with Khan’: Why team Starmer and Labour’s mayors will clash,https://b.thumbs.redditmedia.com/tcFhII7vv2N-R-9CGjYTrHOuwMAEJwZtK5odwNRhASw.jpg
2023-08-01,08:30:08,Capt Sir Tom Moore's family defend unauthorised home spa,https://b.thumbs.redditmedia.com/kFrGTg2UQazRLP8rGGqTuDfGPZTAnnMQzpRRhiMF0vM.jpg
2023-08-01,08:18:41,The deadly e-bombs in Britain's homes: How e-bikes and scooters carry batteries with the explosive force of SIX grenades,https://b.thumbs.redditmedia.com/wlghd-LfGAr-By1gp8p8RqnkdrHq33CmxbOX1zJR_eo.jpg
2023-08-01,08:16:02,Cineworld officially enters administration,https://b.thumbs.redditmedia.com/vuQgr9TqvsVDNK2cbgFCqi9PkBf9K63jZZWJlumXrrI.jpg
2023-08-01,08:13:17,Sunak's family firm signed a billion-dollar deal with BP before PM opened new North Sea licences,https://b.thumbs.redditmedia.com/hJICs_oFkwbfkNUsGZB5CT7ZHU2iupIv3WDsPiQZoKk.jpg
2023-08-01,08:00:42,'I had no idea how life would be': Inside the lives of those who overstay their visas and go underground,https://b.thumbs.redditmedia.com/WrJowuDJTBFALGKSoUlH1p-MrThDC2jwDlYBLvyIoRw.jpg
2023-08-01,07:32:51,Vandalism blamed for bike hire scheme scale back,https://b.thumbs.redditmedia.com/kFy99fuD1M-jh9dSfDdU3qeWxE0RhtZ7XgTN3N1smuw.jpg
2023-08-01,06:49:52,Tax jumps on wine and spirits but falls on fizz,https://b.thumbs.redditmedia.com/0j8Jxe2eNr19R5SK0Qd5AA1FYJ7wRy9wEAiEmOlq3Rw.jpg
2023-08-01,06:38:59,The truth about heat pumps and the power needed to run them,https://b.thumbs.redditmedia.com/fcT8ZWwtnesKq__af3Vg797vlOzyD-qeNg1HQg1GR2M.jpg
2023-08-01,05:36:07,"Pandemic set back social and emotional growth of children in England, study finds",https://b.thumbs.redditmedia.com/n2yFkXmSlvYXEv18PGEeJy3CW8KYcP7AmMxIWbY_Lsg.jpg
2023-08-01,04:42:48,Food price inflation slows to lowest level this year - BRC,https://b.thumbs.redditmedia.com/DfWePFGHaxGDm1Zc-XNqnDT2BzonMaTyMnkRcGfNFqM.jpg
2023-08-01,04:16:45,Affordable housing: 'Invisible' renters earning £30k not eligible,https://b.thumbs.redditmedia.com/Fat0CVVdWxUFTf6RnOh5kTm1yupSL0w65rHFrt2Gz3k.jpg
2023-07-31,23:59:07,UK to retain EU safety mark in latest Brexit climbdown | Brexit,https://b.thumbs.redditmedia.com/reaiDc50zqT1oakSe7bpfR5w_hqPxrzNVOu9A7YyICw.jpg
2023-07-31,23:13:21,Do you think this cloud looks like UK,https://b.thumbs.redditmedia.com/5MP5ARCCNLTEnnnweLAU4lcKV1RKHoufE2yLZdCpESw.jpg
2023-07-31,22:15:24,Outrage as asylum seekers move in to luxury Essex apartments,https://b.thumbs.redditmedia.com/IF2-038OQ2zr_g5E2h5d6rKr5UQSEiMbf3StNvUrfes.jpg
2023-07-31,21:10:37,Home Office delays moving asylum seekers to barge over fire safety fears,https://b.thumbs.redditmedia.com/h4Hc1R5uTPPn5iWfYFm2zPPZm_LSu_otVqA2WmcGoTE.jpg
2023-07-31,20:54:20,Labour would force police to recruit detectives from business,https://b.thumbs.redditmedia.com/MvjAyZMfQ8SyV7RHvBLcyO1TbIfdzvqP8-h7HiG3bnw.jpg
2023-07-31,20:12:11,Police commander who wrote anti-drugs strategy ‘smoked cannabis before breakfast’,https://b.thumbs.redditmedia.com/yGdxTE7K7FBdkvr3xhCGNS3L7228WGyBtfTGtc2NCZM.jpg
2023-07-31,19:52:21,United Kingdom seen from space,https://b.thumbs.redditmedia.com/hXQqzheGOodKHeMjn_9X2rTj2UE0cNjfSdYyb91cPQM.jpg
2023-07-31,19:48:58,The BBC on Mastodon: experimenting with distributed and decentralised social media,https://a.thumbs.redditmedia.com/cjGFh9pVDpBlqg6G5J_9t06OJy-y6glZwWPTyez7be0.jpg
2023-07-31,18:54:59,"Pensioner forced to ration electricity for a year after receiving £13,000 bill in error",https://b.thumbs.redditmedia.com/EBRGglVCA2IRid6enBXZ-C2RD6-MnuZ2gwUamcJNccE.jpg
2023-07-31,17:46:28,Man bought private jet with borrowed council money,https://b.thumbs.redditmedia.com/QhHylf4fLgCnc3_kvVYQtX0SS_XBybw9-D9buU-fj0U.jpg
2023-07-31,17:36:20,Use the smallest Bentley! Rishi Sunak’s top 5 tips for dealing with climate change,https://a.thumbs.redditmedia.com/KfdZTdTy0OUMEGeps907GI-z4WmXfAqqVhRFiVfy298.jpg
2023-07-31,17:04:43,"Sunak’s private jet to Scotland may have breached ministerial code, says Labour",https://b.thumbs.redditmedia.com/eupKAqY7u5LTKTbaOmJGACti4xtT8LriDPD4DuTLq0U.jpg
2023-07-31,17:01:09,'I spotted the Loch Thames Monster in the river - now I'm terrified to sleep at night',https://b.thumbs.redditmedia.com/FB3Y_L7YVuPtu7sP2sLpJcywqzElLsISjo2S8rEkpaU.jpg
2023-07-31,16:00:48,China using families as 'hostages' to quash Uyghur dissent abroad,https://b.thumbs.redditmedia.com/pNm2vWQbPC0Rmfko1bh3kw7WSZIeokWNs4pm8g3rO5U.jpg
2023-07-31,15:31:37,Labour-run Birmingham City Council is under fire after £11M probe over eye-watering payments made to taxi firm charging more than £200 a day to take a child three miles to school and back,https://b.thumbs.redditmedia.com/24fCkWD4IMhk_SA6r5qQyGW01F-zghLjsCCDFw0aVqw.jpg
2023-07-31,15:22:32,Sarah Jane Baker: Trans woman held in male prison after ‘punch TERFs’ Pride speech,https://a.thumbs.redditmedia.com/9YcrLkUQ8nPli7I_iBceex7xZuqRunHvX5qX91iYuR0.jpg
2023-07-31,14:12:26,UK weather: When will it stop raining and the summer improve?,https://b.thumbs.redditmedia.com/VHmlfwFFXceZke_DxV8VyW3cihPf8p5dY9XBFUPVxFI.jpg
2023-07-31,13:14:46,Wild camping allowed on Dartmoor again after court appeal succeeds | Land rights,https://b.thumbs.redditmedia.com/FLC08QHkf2SKqMRAAJzaakid5teUtwIGqH_ZF7FNI3Q.jpg
2023-07-31,11:57:43,NEU teacher strikes end as members accept pay deal,https://b.thumbs.redditmedia.com/x0D15iE5GhRUn89su-whV14JKh7ufqa0ixGivIPIGEI.jpg
2023-07-31,11:42:27,"Banks with lowest savings rates to face ‘robust action’, warns UK financial watchdog",https://b.thumbs.redditmedia.com/7Ieq4Ape577z8xj9-TonjVYTIhnpy7jR4OUPxoxOpqc.jpg
2023-07-31,10:56:53,Belfast drug users warned over possible bad batch of 'benzos',https://b.thumbs.redditmedia.com/ez-dLg1LZHnHaLyc3BpOUo4as_lHFUMTRJNZsyK0SgE.jpg
2023-07-31,10:50:46,"Crocs, Clangers and custard-eating aliens: the 50 greatest ever children’s TV shows",https://b.thumbs.redditmedia.com/-1qJfShKmdqchJX1QDG347HeVBJbdsZ3WpI2nvPbEBw.jpg
2023-07-31,10:33:06,"Just three per cent of queer Brits use trans-exclusive acronym ‘LGB’, study finds",https://b.thumbs.redditmedia.com/vUqCwE_zEYm9099nNgdQGcJso_GVxGFzrgNNXbP5Fec.jpg
2023-07-31,09:59:24,Carer shortage: Woman stuck in hospital for 11 months,https://b.thumbs.redditmedia.com/8T3cBmUT1iz3hYEk7w5nPxKqdfice85kdxJqAxbMqbA.jpg
2023-07-31,09:43:54,"Heat pumps are only for the privileged, says Britain’s gas chief",https://b.thumbs.redditmedia.com/Uxro28PZl5vETpZXw3zcIdv3oaC-GHmNvdJTDuwb16M.jpg
2023-07-31,08:59:17,"Families caring for dementia patients in UK reaching crisis point, says charity",https://a.thumbs.redditmedia.com/lywgV_qA0kI__8Qf-yoRi2irP2VuhwayO15P54OcV-0.jpg
2023-07-31,08:36:11,David Hunter: British husband who killed wife in Cyprus released,https://b.thumbs.redditmedia.com/HZKpPWoCqNX1KlCbZ1mF5aMVmbty0-l7JrZEN3Lh2Jo.jpg
2023-07-31,07:58:07,Several e-bikes seized as police clamp down on riders in pedestrianised areas,https://b.thumbs.redditmedia.com/YCZfFU7rm4wQD6Jm1FBh1A0nUyuOUEhR1-wLBtbPQMI.jpg
2023-07-31,07:52:11,Etsy accused of 'destroying' sellers by withholding money,https://b.thumbs.redditmedia.com/5ZvWVnmzDExyBY8_RO584tTzc7mK1muqp8t9J-J82pM.jpg
2023-07-31,07:01:24,Energy costs: plan now to make big savings on UK winter bills,https://b.thumbs.redditmedia.com/PvYCbnKEG9DLdTGW08vtU21eRlzBq_uBFeSe50JutkM.jpg
2023-07-31,06:56:44,Plan to expand North Sea oil drilling announced',https://b.thumbs.redditmedia.com/wBEqJ4wZh9wQTI-kVwTRMP7KnhPfL5GihQvoLjOvFEo.jpg
2023-07-31,06:30:40,Key consumer protection powers come into force,https://b.thumbs.redditmedia.com/nozFZF9TESTtNEzV25lnpIA85aDCE6CXNqhwqCaebOw.jpg
2023-07-31,05:28:25,When looking south along the clifftops between Seaham and Easington what is the furthest land you can see?,https://b.thumbs.redditmedia.com/kbKFiIdGTf1Zv6jEGVnslK_G0IuCIyrbiB1MotkmhzI.jpg
2023-07-31,02:24:38,Labour attacks 'abysmal' figures showing just 5.7% of crimes solved last year,https://b.thumbs.redditmedia.com/WqoJ2okmUEN-iHRGkww4LYqsNj9G2k_UdRpoiozkIyg.jpg
2023-07-30,22:52:24,NHS: Midwife sacked for claiming terrorists could poison baby milk,https://b.thumbs.redditmedia.com/YLn0OgfnvInUXFNAqUEWiEM03tLjDqSAEtE6D0LQBoo.jpg
2023-07-30,21:15:53,Recommendations on (historical) towns to visit?,
2023-07-30,20:20:49,River Wye: Three arrested for murder as police search for missing man,https://b.thumbs.redditmedia.com/QmooO1X_okF3oJNs6jLpJf5v6MD16kX1kMhy5tZ4W5k.jpg
2023-07-30,20:02:52,"NHS-owned PPE worth £225 million burned in China pumping out 6,000 tonnes of CO2",
2023-07-30,19:52:34,Energy security: Rishi Sunak to meet leaders over energy security plans,https://b.thumbs.redditmedia.com/q57joG5hiwN2427d_LUbIgbg-PfQUNP8GgHOY-z1pqM.jpg
2023-07-30,19:42:13,"In the UK for 3 months, what foods are must trys?",
2023-07-30,19:19:47,Cost of Grenfell Tower disaster soars to nearly £1.2bn,https://b.thumbs.redditmedia.com/3oDh917AUq9px1cYnsz_ehJGdRQ7ZtErj6KNszIV3Ec.jpg
2023-07-30,17:43:20,Sunak plans to restrict councils from imposing 20mph speed limits,https://a.thumbs.redditmedia.com/e06DpGM9kRy80kpcdjRmKzl1LHa2TJYDmA75Wex-Dd4.jpg
2023-07-30,17:13:19,Scredda- this pyramid of China Clay waste is the last remaining Cornish Alps,https://b.thumbs.redditmedia.com/zXTTb5hUCBiIumrgkI7HdRAnu1yeBS_SQeudmmCbMXk.jpg
2023-07-30,17:09:54,"Priti Patel tells Rishi Sunak: ‘Pause drive to net zero, the public are not ready’",https://b.thumbs.redditmedia.com/30JeVa_iUBwG3jAFLdJXjKT88m-l6lkdsz8hla_k_0o.jpg
2023-07-30,16:38:04,Peas corp: how a UK co-op gets peas from field to freezer in 150 minutes | Food & drink industry | The Guardian,
2023-07-30,15:49:02,Couples are staying together as they can’t afford to break up,https://b.thumbs.redditmedia.com/9NWGoyl3YAj87WStnKR4wL_9FoBwx3FeUT7vjrt7aRE.jpg
2023-07-30,15:05:31,Stormzy and HSBC fund more black Cambridge students,https://b.thumbs.redditmedia.com/_47ztkax26_iOUNdr6zwbNgKKArpP1yVMShAQd_5hnY.jpg
2023-07-30,14:36:31,"Step to riches? Disused stairwell in London could be yours for just £20,000 | Housing",https://b.thumbs.redditmedia.com/TIQMQkrInGEkBVVYZsVXSJVFJfsYnzEZ08gN_MrQQoQ.jpg
2023-07-30,14:18:05,Bristol’s low-traffic scheme stalls as row over Ulez spreads from London,https://b.thumbs.redditmedia.com/milpqUs4iHuEQ9xKttA0tEYdwXjKhapJYyppqXGU6GA.jpg
2023-07-30,14:08:20,Teenager charged after police community support officer hit by scrambler bike in Speke,https://b.thumbs.redditmedia.com/7Inbp9M5FYOhLKzTt4yVkk9uqoiM67IJPXGys0EC2sg.jpg
2023-07-30,13:42:15,Mortgage rates ease as Bank of England’s bitter medicine shows signs of working,https://b.thumbs.redditmedia.com/lcG7fMrL4SXG_8k0ew-4u-xeWFEgxtWgLMKe3AepeGs.jpg
2023-07-30,13:29:58,"UK’s post-Brexit policing pact put at risk by migration laws, say peers",https://a.thumbs.redditmedia.com/JKfh8C3t1YUrNj4HX0TVtTBMsn2S_u5Ffs4giBn5Kz4.jpg
2023-07-30,13:07:52,Tom Daley comes out of retirement to target Paris 2024,https://a.thumbs.redditmedia.com/Gr67L5dNDDm8fWL7xIpyq1GqtK5aPIrbE-dD7uOmJ24.jpg
2023-07-30,12:51:27,"Don’t heed warnings of Day After Tomorrow AMOC ocean collapse, say Met Office",https://b.thumbs.redditmedia.com/TpJ8OLL6iyXAmDORJZ46gefS1D1g4CxAb9kkB8Q5Ksc.jpg
2023-07-30,12:01:56,London-Paris ride organisers to end current format in 2024 following Brexit complications,https://b.thumbs.redditmedia.com/5sz0NMGcGeXsmHayjwMwFjPwLuCUO8XT0q49LY4Tn4k.jpg
2023-07-30,11:27:30,"Moss Side shooting: £50,000 reward for information after girls shot",https://b.thumbs.redditmedia.com/1Dq8F7hI2tcuZyJp8r3U2v72zp-xG2E8ks0qnNhYjXY.jpg
2023-07-30,11:21:26,Disturbing 'zombie salmon' video at Scots fish farm sparks welfare investigation,https://a.thumbs.redditmedia.com/tOjBhopF4hr4ehyjwaOy94u03zgeeqQvD8AJcdnJgY0.jpg
2023-07-30,10:54:45,Nigel Farage launching new website to help people denied accounts by banks,https://b.thumbs.redditmedia.com/zuO4gWhHMrvmS7OH2B5vauiXIr3MO4yntDm9utU2jJY.jpg
2023-07-30,05:33:01,Roadworks paused after repeated abuse of workers,https://b.thumbs.redditmedia.com/b2Lu6nSTwY6i1Iwmltrh0UzOeZmOB5PaIkrDQtypExY.jpg
2023-07-30,05:31:27,'The cost of living started my shoplifting': Why stealing goods is on the rise,https://b.thumbs.redditmedia.com/iyVK4RFuA-1J1ldCA6CAa0AFP2STgFI1oBQbRlfp90I.jpg
2023-07-30,05:12:36,"‘To them, we are like robots. The things that make us human are ground out of you’: the inside story of a strike at Amazon | Amazon",https://b.thumbs.redditmedia.com/JIFERTeKL9QjElB06s60rzbi9NG3KVMRHFhpmiChITY.jpg
2023-07-30,01:57:26,UK's energy security plan aims to boost job creation and reduce reliance on hostile states like Russia,https://b.thumbs.redditmedia.com/s8ET8rJ9VVoKMQesQ2B8kkgH-hWxhZ_VbnLBKSQbtko.jpg
2023-07-30,01:21:54,Sunak orders review of low traffic neighbourhoods in pro-motorist message,https://b.thumbs.redditmedia.com/OSznl6BET5elKY7M1UMXDioX_0g-_nJsyAzz510-rWE.jpg
2023-07-29,22:24:23,Major banks' privacy policies allow them to monitor customers' social media accounts,https://b.thumbs.redditmedia.com/bN1aYunr5FWgC7fOLzPLDs1ns_jtMRB5JPdzfXJflPY.jpg
2023-07-29,21:01:46,ITV warns it is in ‘worst ad recession since financial crisis’,https://a.thumbs.redditmedia.com/vk0OyzMNZubMkdV51bbGD967fDR12xB12Kx7nE2vw90.jpg
2023-07-29,19:53:54,Home Office secretly backs facial recognition technology to curb shoplifting,https://b.thumbs.redditmedia.com/65qMb39CmpT9S9Cdn01dxXrWV0PAhlYYwaU6ct5uBmg.jpg
2023-07-29,18:42:39,The U.K. Government Is Very Close To Eroding Encryption Worldwide,https://b.thumbs.redditmedia.com/fOi35D44CaMKl2-A2z8swpJOLUBvEFLKNRMkRNJ9_dA.jpg
2023-07-29,17:20:55,Woman denied Police Scotland job over antidepressants policy,https://b.thumbs.redditmedia.com/0DT20I-RQZny2IcfSeD2v_dvGBsBIPDbJ8lu1NRTXfE.jpg
2023-07-29,17:10:36,Herefordshire Council to consider climate change in all decisions,https://a.thumbs.redditmedia.com/OyVZoGFuc8KT4vXOztHWGgRcpIJzAOBHO_MC3D9SuT0.jpg
2023-07-29,16:18:49,Barnsley scooter rider dies in crash with ambulance on 999 call,https://b.thumbs.redditmedia.com/rhi--rfzoUpcRioRa9X12PyZT0di-LUggJRETYR8Ibk.jpg
2023-07-29,16:11:06,Most Labour voters motivated by ‘hostility towards government’,https://b.thumbs.redditmedia.com/ohybT2rs8vqM6xVSlgyM_AogDklQLvMp7Ddqhelqw4A.jpg
2023-07-29,16:10:28,Should the Rosebank oilfield get the go ahead?,https://b.thumbs.redditmedia.com/ZvVe4slkWqkMKJiaiYZgb7RF2KJVsYHOBVmGKw4SKoQ.jpg
2023-07-29,16:06:57,"Boy, 14, released on bail after girl, 7, killed in motorcycle hit-and-run",https://b.thumbs.redditmedia.com/UubwlwcY3eiq39M1X2TG5bl59mXOE2mR16XNuZK1WHA.jpg
2023-07-29,16:02:03,Serving-size labelling leaves many confused- Which? survey,https://b.thumbs.redditmedia.com/wZAxdvgvkkZCI1gBZvbjKBWEq_cWpAmA3uq1zRQIQ4k.jpg
2023-07-29,15:46:25,Norwich scientists hope purple tomato will soon be sold in UK,https://b.thumbs.redditmedia.com/SmvGnIV2wRoKFcssm1aBFALQgsC3N40z3s0AXsAz8yw.jpg
2023-07-29,14:40:22,Is it time for the UK to pay more attention to emigration?,https://b.thumbs.redditmedia.com/VBYDYnABgWrfF2xWz1h9A4dInWc2CxhaB0IO3hVqIaI.jpg
2023-07-29,14:36:21,"£1bn drugs ring hid cocaine in frozen chicken, court told",https://a.thumbs.redditmedia.com/vsQmTCVxY1xEoNjlSSG1vtxXt6onZVKlLCtM7mbvry8.jpg
2023-07-29,14:19:12,New policy will see police forces investigate every crime with 'reasonable lead',https://b.thumbs.redditmedia.com/FI3yIyMBSID251nyJQXHLRcR-k8grlfCgvt67exPc2k.jpg
2023-07-29,13:40:47,‘I realise how serious it is’: voters in England support action on climate crisis | Climate crisis,https://b.thumbs.redditmedia.com/WdLAoIPZ5o5W2NQlQZE1gbkcYpdj_MVUTUKSsUQo_DY.jpg
2023-07-29,12:54:40,Revealed: Fossil Fuel Giants Are Using British Influencers to go Viral,https://b.thumbs.redditmedia.com/tZPnAiTwaXQJr3DZiUMuNadHtMOmIjlbl808aI6RlSM.jpg
2023-07-29,12:53:38,"Walsall: Police investigating death of girl, 7, in hit-and-run crash find two motorbikes",https://b.thumbs.redditmedia.com/RDejtfwtCrcPBq0yVjCrrFhbjHalcfqqu3HH-2IkWrw.jpg
2023-07-29,12:15:33,Port of Dover traffic: Travellers face two hour delays as summer holiday queues build,https://a.thumbs.redditmedia.com/8YJ2lbKwoMedUpaupJVNFX8j-pSK8YidQIYS5yGjL14.jpg
2023-07-29,12:04:44,James Bulger's mother criticises 'sick' AI clips of murdered son,https://a.thumbs.redditmedia.com/5e6j9RrtruebXa3Qvo-vNV-Pa1RBA7JuEokvItQUre8.jpg
2023-07-29,11:44:17,"Andrew Malkinson: End living cost charge for wrongfully convicted, Tory MP says",https://b.thumbs.redditmedia.com/7zNuoqOlDZ62WAEJrozxPknz0efP-dXmJmI9bUEzSic.jpg
2023-07-29,11:22:46,Jacob Rees-Mogg urges people to have more kids 'to tackle climate change' | ITV News,https://a.thumbs.redditmedia.com/DVx8ZeqjzEgIVUmme6jDnA8ohhFw8xmwScnnPv5CAV0.jpg
2023-07-29,10:08:30,Train strikes: Travellers facing disruption as rail workers walk out,https://b.thumbs.redditmedia.com/gXoEf8_mTjbXmqTl3BvHOtPKL-F7x3Fji9NYRW0-aBk.jpg
2023-07-29,09:14:44,Stack Rock Fort: Victorian island reclaimed by nature,https://b.thumbs.redditmedia.com/yxVbUmaLeKZ9YElahQ6FJrMOImqq8gJjrWruRuIo5_E.jpg
2023-07-29,08:29:42,Mum of criminal angry after her law role 'leaked',https://b.thumbs.redditmedia.com/laen7jqYXTi21UucVuyfu07JHDfX6UrQaHu9p9MNsZg.jpg
2023-07-29,06:49:54,"Rail staff threatened with disciplinary action over ‘save our ticket offices’ stickers, says RMT",https://b.thumbs.redditmedia.com/Qf5G-QUgajUIHZ5fCCmWdaF0Su1KKodFYs1bTH9eauo.jpg
2023-07-29,06:01:23,Paws up time for 'longest-serving' Hertfordshire fire dog,https://b.thumbs.redditmedia.com/l16eRI6xDD3dOTIkwEcE-tM4reVSMKlXIH4HUruqZvQ.jpg
2023-07-29,01:42:30,Royal Mail: Three days left to use non-barcoded stamps,https://a.thumbs.redditmedia.com/GIet4ngtC4u8H7eVSABUT7tQYz2VQm5QR8HORkPIFm4.jpg
2023-07-29,01:02:04,‘Barbie’ And ‘Oppenheimer’ Propel UK & Ireland Box Office To Biggest Week Ever,https://b.thumbs.redditmedia.com/nnuCGfNhhC4UCsfJBuPI9_fPbY30jdJSLLoh79A6tEQ.jpg
2023-07-28,23:51:46,Brexit fallout: Irish Government funds Northern Ireland students to continue with EU Erasmus+ programme,https://b.thumbs.redditmedia.com/NSeX-gIlDB01dYZXCU-dvqSWwRSPzdJBDCQFlnIEm9E.jpg
2023-07-28,18:02:28,"Ulez key to tackling ‘unacceptably high’ child illness and death, doctors say",https://b.thumbs.redditmedia.com/TPIbDLSi7aEmBPF5jxxU_zWXJHUqAzL3VVh0MHC2IQQ.jpg
2023-07-28,17:41:23,‘Serious failings’ contributed to baby’s death in 12-hour lone prison birth | Prisons and probation,https://b.thumbs.redditmedia.com/PPAPG4mvpL4Ibb8Z4OuSlblGrPWmtHKlukjcoevcaRQ.jpg
2023-07-28,17:19:23,Severe health warning issued for millions of Brits to not to eat smoked salmon,https://b.thumbs.redditmedia.com/C2crVTh_JOrPG3cuWidEtLwkMHs9qBRcrqZdo_P83Kc.jpg
2023-07-28,17:08:00,'Failed health secretary and cheating husband' Matt Hancock loses IPSO complaints against Mirror,https://a.thumbs.redditmedia.com/PD0w7-Cbrxrwkiu70C1h0cGYvRvGROsf-MCo4eqZn58.jpg
2023-07-28,17:07:45,"British crop yields rise despite cut in fertiliser use, research finds | Farming",https://b.thumbs.redditmedia.com/6s5m7t5V_ttO6DEY1tDFbz-r73KzpScFeFU-Eb0pDns.jpg
2023-07-28,16:41:44,Water cascades down seaside street as month of rain falls in a day,https://b.thumbs.redditmedia.com/5JArp1Xod1vrSwAdbfg-eiTXPD9rg9IIrC89u-gV8ms.jpg
2023-07-28,16:32:09,Child abuse survivor who saw grandfather jailed speaks out - as recorded cases hit new high,https://b.thumbs.redditmedia.com/z00jKk41sXEPYqVsLAW_ERgpc6XqAj_zN6osq9ZT4sQ.jpg
2023-07-28,16:16:40,"40% of adults in UK to be obese by 2035, as MPs urge government to wage war on junk food",https://a.thumbs.redditmedia.com/KVhne0a2_Cxe8KgWTHO1B5Bi7Ij3_1vzHV4U8UtgnV8.jpg
2023-07-28,15:59:46,"Post-Brexit fall in English ownership of European second homes, figures show | Second homes",https://b.thumbs.redditmedia.com/_lx9Yq6gU8A9c__WAQNJ46ztocCRq1FpVOrzUSPqXqQ.jpg
2023-07-28,15:46:20,"Speeding driver locked up for killing child while in uninsured, modified car",https://b.thumbs.redditmedia.com/JNE3Vo2jb4KQB8qNwurAQiVsaYHp1ZEDo2m5ZQ5PqUY.jpg
2023-07-28,14:30:10,Big UK lenders cut fixed mortgage deals in sign rates may be close to peaking,https://b.thumbs.redditmedia.com/U55CSUyYUn4oWnU0nQSdOLr981OGGFsJOeZ-AhJBJPs.jpg
2023-07-28,14:27:42,Scotland's healthy eating schemes slashed after Gov freezes funding,https://b.thumbs.redditmedia.com/IOOMKDlsEQP-fDjiSY_kdRm6cXVkxv5nCs_t6aFPINo.jpg
2023-07-28,14:21:52,Ringleader of £135 million drugs gang jailed for 23 years in 'biggest drugs case' police had dealt with,https://b.thumbs.redditmedia.com/WdRGFsLm720FRpF3k0goopYE1c3O-zKKGXJNt2ZJ2so.jpg
2023-07-28,13:27:01,SNP activist hints at attempt to challenge Humza Yousaf leadership,https://b.thumbs.redditmedia.com/l1WwZn74hpnhftDBrqpYViOpqz3rc0bozRQGrqnLDhs.jpg
2023-07-28,12:44:51,Pensioner had double leg amputation after being dragged under bus when driver refused entry | UK News | Sky News,https://a.thumbs.redditmedia.com/sDe3Wpcp9pozyW54qs_XpKBBBk6liiBr8ob0yXVpih4.jpg
2023-07-28,12:36:24,Bank of England calls in Nobel Prize winner to find out why its forecasts are wrong,https://a.thumbs.redditmedia.com/XV5JzYJUPoZZMV8D5Rjrhjor5v_l2hLyINze7j1G5i4.jpg
2023-07-28,11:54:05,Essex dachshund Twiglet returned after video of theft shared,https://b.thumbs.redditmedia.com/ywIIgEUJiLmXiedgx3dWlKLYZ0ssX8II1PQ5X3gqyFY.jpg
2023-07-28,11:23:38,4.6 million fish have already died on salmon farms so far in 2023,https://b.thumbs.redditmedia.com/N1O0Tovn5jVIO1a5x1oZZeCg38wbV8A0cUFLFtcNR_Y.jpg
2023-07-28,10:50:09,BBC finds police BMWs at risk of exploding still on the roads,https://b.thumbs.redditmedia.com/-5dIGHrgUylTIkgflkAEV4GCabujA3cOWyZOKQ0bA1U.jpg
2023-07-28,10:48:24,Muslim leaders decry ‘double standard’ of Farage bank account closure furore,https://b.thumbs.redditmedia.com/TbNziz64yc3XAFF9r8X6oC-h4AGpy-vB3EFrd0yzK5U.jpg
2023-07-28,10:42:29,Bristol Mayor slams 'discredited' underground report,https://b.thumbs.redditmedia.com/ZqEespuhn5vSJdP7Qaz-CddAN1GJaug4crGTGfKETpU.jpg
2023-07-28,10:24:44,UK and Ireland set to host Euro 2028 in major win for football fans after Turkey pull out of race,https://b.thumbs.redditmedia.com/7mLDQgoxF_brG3Z4X4IIHC0AnKiA8zs-sxVTMCrwDhs.jpg
2023-07-28,10:14:58,How UK house prices left the middle class behind,https://b.thumbs.redditmedia.com/FOec9UBtmenUggZBuPADexMLQHy3m3ZpY4tA39gujDY.jpg
2023-07-28,10:07:23,"Boy, 14, arrested after girl, seven, killed in hit-and-run collision with motorbike in Walsall",https://b.thumbs.redditmedia.com/vsJzaCusVGduaUsL60z2VJFcCCOnU323-nkmKtXA41U.jpg
2023-07-28,09:43:57,Plymouth family fun day is being held at city's incinerator,https://b.thumbs.redditmedia.com/yVjZCzl6ca2TpG75PXKg7R4eNHlZP3l3PW6SswMH1Gc.jpg
2023-07-28,09:17:37,Sadiq Khan wins High Court Ulez battle clearing way for Greater London expansion,https://b.thumbs.redditmedia.com/JeKz6TkQWXaykeA3_xLf5xJT9z4VUiToNnVZVrwET2o.jpg
2023-07-28,09:13:42,Hospital admissions for life-threatening allergies more than double in England,https://b.thumbs.redditmedia.com/sUyfSBcgAC52f_l-oLEh4WpdxHkhffbzkzoN11xMCnU.jpg
2023-07-28,08:58:15,NatWest chair Sir Howard Davies says he won't quit over Farage row,https://b.thumbs.redditmedia.com/5DmjHsrg-TrTfPKnpHjLrdYAYD8e3Wj_UDfVgQuufWg.jpg
2023-07-28,07:50:56,Council demands Nadine Dorries resigns 'immediately' as constituents 'desperately need effective representation',https://b.thumbs.redditmedia.com/GqOdCOdFXzDDjMbFg44JdB3m51Z9BEKrV54KlWWWlRg.jpg
2023-07-28,07:28:47,Wellingborough: The brothel and the quiet family next door,https://b.thumbs.redditmedia.com/A867fss24Hi7x0y8wfIHHs0EeBOgNqx4alliizdLONI.jpg
2023-07-28,07:05:52,False claims of bogus heatwave spread online,https://b.thumbs.redditmedia.com/8xwA9O8WnMZ21UHYL5ozW5DHDe6zFrkqyu7JuALLQTw.jpg
2023-07-28,06:52:53,Gina Miller's political party bank account to be closed,https://b.thumbs.redditmedia.com/7DjCsADDzeF7N6MDBDRwWJSkdroDvj5dwKj_LRW2sJk.jpg
2023-07-28,06:52:19,NatWest profits soar to £3.6bn after week of resignations,https://b.thumbs.redditmedia.com/5DmjHsrg-TrTfPKnpHjLrdYAYD8e3Wj_UDfVgQuufWg.jpg
2023-07-28,06:26:40,"Britain loses 6,000 retail outlets in five years as shops close",https://b.thumbs.redditmedia.com/SCEh6Rt4SRe9_z7B1YmWmajQQIP2PuQvc9Jzl6ANsjQ.jpg
2023-07-28,05:36:10,You've got Mali: MoD accidentally emails Russia ally,https://b.thumbs.redditmedia.com/TLCNzd7yql6b5q4SwvqbpwEw9C-EOVmdFDNjGCt0rTM.jpg
2023-07-28,04:35:54,Home Office buys tents to house asylum seekers,https://a.thumbs.redditmedia.com/omKCPdUpDpeNHy9zUstbMmuqnorDichp328mkySjye8.jpg
2023-07-28,02:04:39,Disabled flyers angry at airline 'double charging',https://a.thumbs.redditmedia.com/ly5hEfHxGleLRRbD9w2ohq1GD0Ph61BjwN3HL8Itwj0.jpg
2023-07-28,00:33:35,Comcast’s Sky continuing to lose subscribers,https://a.thumbs.redditmedia.com/YliRuFccae_zsJ6Pta_P9iW3rZa2rsTCi0kYFjkZwd4.jpg
2023-07-27,21:24:24,No trains to Brighton on Pride due to overtime ban,https://b.thumbs.redditmedia.com/wfht6o3KUQQ-3xA5WAe5jj7_tit5u0-tAYbbXeTRwkk.jpg
2023-07-27,20:04:35,UK rapper turned Islamic State fighter dies in Spanish jail,https://b.thumbs.redditmedia.com/cnuHCRVrKMBQkJxXNM5moldy95CYzMbrDSKrDyvfM6U.jpg
2023-07-27,19:19:09,Generation Z: Forty per cent of those in their 20s heading for poverty in retirement,https://b.thumbs.redditmedia.com/79wHw2Sgt4TWFOHXrHtDwnXOvei7Nnrix1MSDFOnTLk.jpg
2023-07-27,17:42:03,Liverpool: Conspiracy theorists disrupt meeting over non-existent policy,https://b.thumbs.redditmedia.com/D31hpVuiJhK7D0RlZZVjcc1dWPm3SBZ3qC6e6yWLGnk.jpg
2023-07-27,16:49:00,"'Routine' housing of child asylum seekers in hotels unlawful, High Court rules",https://b.thumbs.redditmedia.com/H9KjX1dvjgHJGJ9-GiEIUY4DprvbMgH24A7eJ4KKQQg.jpg
2023-07-27,16:27:59,NHS consultants’ strike in England may cancel surgery for tens of thousands | NHS,https://b.thumbs.redditmedia.com/Ur4rRAwYolzkLL4K3prpkQDjZd-y_8c6CVG5GGXjLsc.jpg
2023-07-27,14:38:59,Andrew Malkinson: Why are some wrongfully convicted prisoners charged jail living costs?,https://a.thumbs.redditmedia.com/bii1tCZ4t9LXjDb-84iOPSqD20XVIJgj8YuaItwx250.jpg
2023-07-27,13:09:10,Coutts CEO to stand down after Farage banking row,https://b.thumbs.redditmedia.com/jhqWfPGuzGYiLb6ly2DLXhtCTJd3XFHIjKCuUa4Ovbs.jpg
2023-07-27,11:33:48,Matt Ratana death: Man who fatally shot police officer while handcuffed jailed for life,https://b.thumbs.redditmedia.com/WXf1kTR8auDKt5uKGQW3Ls3_XvrqOrxYsMJOj2cqiJw.jpg
2023-07-27,11:23:07,Labour ‘placating gender critics’ with latest U-turn – and trans members have had enough,https://b.thumbs.redditmedia.com/WCDHRBdCwYWu2Klj7fKZyJMFH6f8TkEBFwtn4Y7uUnc.jpg
2023-07-27,11:14:35,"Sinéad O'Connor's death not treated as suspicious, police say",https://b.thumbs.redditmedia.com/bIhefTrCKcNED8fTApX9-hebdhGlZ-IthUV4drGy0bw.jpg
2023-07-27,11:09:27,Home Office ordered to change rules that restrict help for trafficking victims | Home Office,https://b.thumbs.redditmedia.com/8F5oOWKTyg68IxNZImMW2k0JoKnzkqq0i43MSEa-I1A.jpg
2023-07-27,10:30:34,Polls show Conservative Party trails Labour on all policy issues,https://b.thumbs.redditmedia.com/kiMN69iky-hnG19VHqS0cCSnBMlRynG7e32m5xWcsBk.jpg
2023-07-27,10:01:08,Co-op warns rising crime could create 'no-go' areas for shops,https://a.thumbs.redditmedia.com/4FkZe9Qahu9cIFk7lGrKB8nmycMoUC-Kg-bGPy6UT48.jpg
2023-07-27,09:17:04,Labour keeps unfunded spending pledges at bay during ‘chaotic’ policy forum,https://b.thumbs.redditmedia.com/RnuAWVC10bWLYW8KohjX0YOWNliWvDHm18POYAd5xhk.jpg
2023-07-27,09:02:12,Swan upping: Royal cygnet numbers drop by 40% in a year,https://b.thumbs.redditmedia.com/7v4Zp7lC-cz6tO17e0Q98pqho2DPozD_XMAsG531k8w.jpg
2023-07-27,08:19:33,GB News owner makes millions after shorting NatWest stock,https://a.thumbs.redditmedia.com/R8Z_1oEOWKuWF-NsiotqXE3ZI-Bv8y8d0FE3UtUYOa8.jpg
2023-07-27,08:19:22,Landlord L&Q told to pay out to tenants after finding of severe mismanagement,https://b.thumbs.redditmedia.com/6QH2LBSVhN9e0I8iivpP_dQ0qYvIkZhq809gyVP51bc.jpg
2023-07-27,08:11:13,"Shelve Major New Roads To Fix Potholes Instead, U.K. Parliament’s Transport Committee Tells DfT",https://b.thumbs.redditmedia.com/Nt9sQHjSWbgr-SOMZaHudJbJh5OaGbuS9-53MGpPSyg.jpg
2023-07-27,07:28:22,"NHS cancellations causing ‘catastrophic health impacts’, says watchdog",https://a.thumbs.redditmedia.com/CqsI5wu_5CUu3DdIUbvZxBqOALayrdET_cw38MVpMt8.jpg
2023-07-27,06:34:10,British Gas reports record £969m profit after price cap increase,https://b.thumbs.redditmedia.com/JWmR3QboZb21dDcPaoufY0ghE2lX6Q_JZtMB-iMZnpQ.jpg
2023-07-27,05:36:25,Extra hospital beds made available for winter - NHS England,https://a.thumbs.redditmedia.com/g4lClF5UuAlO0TyMjxRcWnMM2PJSJKnbGmvZTZuqNP4.jpg
2023-07-27,04:35:49,Less food for families on summer-holiday support,https://b.thumbs.redditmedia.com/B1bSc8IST_AnEvtomkcMJA76mbil3dNtJDq6JMxY-Nk.jpg
2023-07-27,02:59:50,Climate change: Last year's UK heatwave 'a sign of things to come',https://b.thumbs.redditmedia.com/ZEeCHy0f-ZzMALYdpApPKxhNn0KoGNTyzNi95TX8yAg.jpg
2023-07-26,19:43:10,UK start up launch a dairy cheese that's made WITHOUT cows,https://a.thumbs.redditmedia.com/Na0vvsTnatq0G43szA7saL1nSptJgWtHpg0Kw5GPSy8.jpg
2023-07-26,18:58:18,Paralympic medalist left in tears by treatment on West Coast Main Line | ITV News Granada,https://b.thumbs.redditmedia.com/r0LV0uNeRvOQMy686wn7Mlas1AyMOYurh7g9N9ZW9BQ.jpg
2023-07-26,18:54:34,Dan Wootton Paid Porn Stars with Sun's Depp Money for Covert Catfish Sex Videos – Byline Times,https://b.thumbs.redditmedia.com/1kwieMDREom96PwPnKZV73M6vk85OmKZABv4n-b-dUQ.jpg
2023-07-26,17:58:09,Sunak heckled at infected blood inquiry for saying government working ‘at pace’,https://a.thumbs.redditmedia.com/9s53Ey_wuh6j_nV1CmVSggjlsZ1-2HUZVIeKvKq0aO0.jpg
2023-07-26,17:46:32,Man who wedged car outside Bath hotel gets driving ban,https://b.thumbs.redditmedia.com/C_MK8rzwF-c2vwPDz2WsPIv7eWNUgjnDNspGwpj4Pis.jpg
2023-07-26,16:51:22,Key Assange supporter says Wikileaks founder could cut deal to secure freedom,https://b.thumbs.redditmedia.com/w0FdJao6lV5vGqfHhX3c6gbuRPT5XUlxEyUyCm5daYE.jpg
2023-07-26,16:13:59,UK 'was never meant to be a union of equal partners' says Labour peer,https://b.thumbs.redditmedia.com/4zoUlm8plbmLWYBr-Iy0UuPhbOOgshRMZ5P5utqbpwA.jpg
2023-07-26,15:48:26,NatWest share price drops to bottom of FTSE as bank left reeling after Nigel Farage row,https://b.thumbs.redditmedia.com/HY_beUCq4_v1h_qT52zX0Y2fmqeyZakdO6pj0bvLA0k.jpg
2023-07-26,15:33:16,Wonka: Hugh Grant casting criticised by actor with dwarfism,https://b.thumbs.redditmedia.com/2dsF8lOM1RjNrHvD-IRRFnZNsRybcPhpuJ2q2v0NlKo.jpg
2023-07-26,14:16:29,Government likely to lose millions in dispute over PPE contract awarded via ‘VIP lane’ | Conservatives,https://a.thumbs.redditmedia.com/lkT8sZCTvb4Wz_kgvmr74kIuA-W422zTnHphmdjiyE8.jpg
2023-07-26,14:00:35,Kevin Spacey cleared of sexually assaulting four men,https://b.thumbs.redditmedia.com/vV8a41SHrS2aDwV7ZOc7nPVAo42ueBNa9dJJJQviVLE.jpg
2023-07-26,13:56:44,Driver admits killing charity cyclist then burying body,https://b.thumbs.redditmedia.com/ToL-qaHxnOBJx4-4J3wuR7S0Kz_uLBwUGVQ78_sYCao.jpg
2023-07-26,13:46:10,Horse fed alcoholic drink Buckfast by 'completely irresponsible' member of public,https://b.thumbs.redditmedia.com/whQhKKZF2tNaGSpZMI77dHj-lVn90GybOd3oGLDwveM.jpg
2023-07-26,12:39:19,"Big pay rises for top earners in London have masked cuts in rest of UK, says IFS",https://b.thumbs.redditmedia.com/WSxmHHsv9v7KiYeEkNeuKdZVeNmJyjhrG4SXAshgo0I.jpg
2023-07-26,11:22:11,Sunak to ease energy efficiency requirements in rented homes to not 'overburden landlords' | Sky News,https://b.thumbs.redditmedia.com/YWc7g1DYPMiWrxxPGVp-faqrBSSNaJBLumh5J5zo3LM.jpg
2023-07-26,11:15:59,"'Stripped and left topless in a cell, I was drugged and sexually assaulted by Greater Manchester Police'",https://b.thumbs.redditmedia.com/I6gNtdQqUqb63Bn22oDU0ehHwFqXLwyJRUgef87FBrE.jpg
2023-07-26,10:59:59,Child Trust Funds: Nearly a million accounts not accessed - BBC News,https://b.thumbs.redditmedia.com/K-0Eeq22kvatge2lFzFA82ndefcqxCRa1sZEhzAu0bA.jpg
2023-07-26,09:42:20,Keir Starmer joined secretive CIA-linked group while serving in Corbyn’s shadow cabinet,https://b.thumbs.redditmedia.com/geG-XGLNcPZ4zy2VIoe7wmpf6wyuTBjHL8K1slXjHNs.jpg
2023-07-26,09:41:26,PM accuses Labour of backing ‘deceptive’ asylum claim lawyers,https://b.thumbs.redditmedia.com/o5ftsgfqZ7vUv-zYyrvvTe5Lc6DdLDm7pxAscCs0btY.jpg
2023-07-26,09:16:30,Junior doctors to stage fresh four-day walkout in England from 11th August,https://b.thumbs.redditmedia.com/p9J_KYbqJThj4hB0uSph1ygxj03hBarBbSavBtqRgKs.jpg
2023-07-26,08:45:30,Andy Malkinson's 20-year road to seek justice,https://b.thumbs.redditmedia.com/hpS6QcKZKicQdqxC-6CUQl-SUSKWhZCC3w5FEemei9w.jpg
2023-07-26,07:47:05,Activists jailed for scaling Dartford Bridge bid to be freed after one says judge didn't take climate into account,https://b.thumbs.redditmedia.com/WilwSqlORHWS3nRRATA3ys073faBrVBj2AALzVekf1A.jpg
2023-07-26,07:35:57,ULEZ: Political Leaders Can't Understand Why Plan to Make People Poorer Are Massively Unpopular,https://b.thumbs.redditmedia.com/LAfOG5d0CblJ04rI4CD6x_M5jdvttuOAoGCztWG60wg.jpg
2023-07-26,06:32:44,Police in England to attend fewer mental-health calls,https://a.thumbs.redditmedia.com/G39pvyBsAXLPFJUDLOGacNtKEMjn_xgWAs3WiOiBic4.jpg
2023-07-26,06:25:13,Train ticket office cull in CHAOS as crisis talks over closures could last until September,https://a.thumbs.redditmedia.com/-BM69im34otnoF5Z17MuZ_Fmt6U_YYRPDA_5Qkx7qD0.jpg
2023-07-26,05:34:31,Childcare plan won't work without more money – MPs,https://b.thumbs.redditmedia.com/UmxfmS_y4grf_Iky9THEQVXx7HmQW-jZn5i0NY8mbqw.jpg
2023-07-26,05:24:28,"Labour Recognises Westminster's Voting System is Driving ‘Distrust’, in Potential Pivotal Moment for Proportional Representation Fight – Byline Times",https://a.thumbs.redditmedia.com/3Ciw_llZ57ArQQxNRUCGNTJ2H6KQpqfzPkSOhnBDmW8.jpg
2023-07-26,01:35:48,Renters compete with 20 others in battle to find a home,https://a.thumbs.redditmedia.com/gIMxinU3xg7WEpMxpnGrq9f2VCHzl6AXfyab9e6Fpl8.jpg
2023-07-26,00:55:43,NatWest boss steps down with immediate effect over Nigel Farage bank account leak,https://b.thumbs.redditmedia.com/CFsIc4qZ6f8oZ_svuh6N1XOpEeNnXLrfytUQWDCiN3I.jpg
2023-07-25,22:39:09,Tottenham Hotspur owner Joe Lewis indicted over insider trading scheme,https://b.thumbs.redditmedia.com/DznHwaOja87fiRRLjvIQvn2wkOzygd2CJfydTOWkZEg.jpg
2023-07-25,22:31:53,Sky News: NatWest board meeting over CEO's future as chancellor has 'significant concerns' over handling of Farage bank accounts leak,https://a.thumbs.redditmedia.com/6QZ7Gr7a2ZECAV8BTMkUZsk-447FPBbVGu0B7YeP004.jpg
2023-07-25,21:33:07,Why destruction of Coton Orchard could spell bad news for one of Cambridgeshire’s rarer bird species,https://b.thumbs.redditmedia.com/5wEEN2bKzYpwy92CW7IsjoPIcjtzFi4B9hXtCO0qkXA.jpg
2023-07-25,20:23:46,British Airways passengers fed KFC chicken – a leg each – on 12-hour flight to London,https://b.thumbs.redditmedia.com/TTm7GjlV27eHcpkwTV4Ina0U23pON3kPxJ1ZbeBwqJA.jpg
2023-07-25,20:11:33,DB Cargo UK grounds electric fleet following rocketing electricity prices,https://b.thumbs.redditmedia.com/6xEH0aF2hANOf5mw_agP_lzR-nbeoNfghW_ci52sCgo.jpg
2023-07-25,19:59:52,Rhodes fires: Brits escape Greek fires as travel advice updated,https://b.thumbs.redditmedia.com/LjldBqoth6YNJgyvYU1b2Q1IhI47aMESQ6ZRU1dq0OY.jpg
2023-07-25,18:55:59,David Goodwillie: Prosecutors urged to re-open rape case,https://b.thumbs.redditmedia.com/mgY6Y9uNhmQO2Gw-WLWXYTbfFy97tP7osBIS_eFAkeY.jpg
2023-07-25,18:52:41,Arrival of first asylum seekers on Bibby Stockholm barge delayed,https://b.thumbs.redditmedia.com/07lG7f3iBuuPKRTSK3dyZfnI3GrW2k_OOw-2dHVhCOU.jpg
2023-07-25,17:21:05,How Britain became the G7’s inflation outlier – in one chart | Inflation,https://b.thumbs.redditmedia.com/kgRwL6DMRtH1xmtjT7B_G8jbiG6YTrF6hRBXe04a6sI.jpg
2023-07-25,17:06:16,Labour drops pledge to introduce self-ID for trans people,https://b.thumbs.redditmedia.com/n-1hWd3LZDzFpEY1lryCtUTH6lK2UFWDo1SubO06cUw.jpg
2023-07-25,17:05:01,Nigel Farage: NatWest boss admits 'serious' error in bank closure row,https://a.thumbs.redditmedia.com/dqOjc7KpC26JLbQViE9vBaiw2hhajT_Pn2YKA6f0i18.jpg
2023-07-25,16:59:05,Just Stop Oil 'will not die quietly' as it hits back against Met Police criticism,https://a.thumbs.redditmedia.com/pC1RuIAScSsPgVwhrlpqLPVf8QupI0B2crBNEsXImz8.jpg
2023-07-25,16:18:27,Michael Gove relaxes planning rules to create more homes in city centres,https://b.thumbs.redditmedia.com/ez3IY060-WOCRZln5bghaEnIL6kzYF66l5vhTFKbECQ.jpg
2023-07-25,16:01:29,Kenton murder: Steven Walton jailed for killing Jason Lord - BBC News,https://a.thumbs.redditmedia.com/BKRwJxA_2-IxqQxLgFr0TTcOfS0yWlWJhw2HkULzWr8.jpg
2023-07-25,15:57:43,Jeremy Hunt tried to stop rail ticket office closures in own area day before cuts plan,https://b.thumbs.redditmedia.com/KTZoMcbk1i4MFd12jWS0YCuMQBhNT9QZ9lp6H3fiTPk.jpg
2023-07-25,15:01:40,"British economy will outperform Germany this year, IMF admits",https://b.thumbs.redditmedia.com/ICeLI30qQvnmZ5SiFVkP2btb4TfT4kAgzap6jt6Qmkg.jpg
2023-07-25,14:51:56,Brother found guilty of Amber Gibson's murder,
2023-07-25,14:37:53,Eryri: Petrified parrot and owner rescued up mountain,https://a.thumbs.redditmedia.com/sfFdkZRxdkiBc0ahqs2TIqUDYa4XxF4mCxwY40FM7q4.jpg
2023-07-25,14:14:46,"Petrol and diesel car ban immovable, says Michael Gove",https://b.thumbs.redditmedia.com/QA4DjDrfZurbEY2vZ0fY2kZlQtfqedat8AQTsn67WDc.jpg
2023-07-25,14:14:11,"Boy, 5, and man found dead in house in Leicester in ‘tragic incident’",https://b.thumbs.redditmedia.com/ucxh4ae5rBQaisIRS_pgPv0-seAvzm7QOzktFrm1tGI.jpg
2023-07-25,14:14:08,"Rising temperatures ‘likely to be beneficial’ for Britain, says Lord Frost",https://b.thumbs.redditmedia.com/u5ciACwXMYJlvWHFtvAR5V1dSVsItqreObmNkgv_HUU.jpg
2023-07-25,14:08:55,Indo-Caribbeans in the UK: 'Our stories are yet to be heard',https://b.thumbs.redditmedia.com/vOvwKFEYYapMPH7tRnRA_Y8BaGshJtNQ94T1HHPUNZE.jpg
2023-07-25,14:01:54,Motorist caught solving Rubik's Cube with both hands while driving | ITV News,https://a.thumbs.redditmedia.com/6eAW-p_7KWyfaJLI518Jwg5tnHqmLT0Xw3tJcdE7UW0.jpg
2023-07-25,13:31:00,"Pay us more to boost the City of London, say FTSE chiefs",https://b.thumbs.redditmedia.com/OA2_fFctDCPUv2EG_tddU7OE4SEM3467JTtlHjuNHxM.jpg
2023-07-25,13:17:17,HS2 currently ‘unachievable’ says IPA after difficult year for rail scheme,https://a.thumbs.redditmedia.com/vG1mKi6f44ftAhYm9beDLbfno3u9-FEij4yEmaIc3G0.jpg
2023-07-25,11:57:46,Heavily pregnant Devon mum involved in savage dog attack,https://b.thumbs.redditmedia.com/loOx3DU_cCMDABacPz29ZkuYY9nyymVFcOiibyfq3nk.jpg
2023-07-25,11:48:49,Numbers in temporary accommodation in England hit record,https://b.thumbs.redditmedia.com/nl18pRf1CdGg3pHXC89WQnA0wsa-xp6rfkPhTeMOVfE.jpg
2023-07-25,11:42:21,Journalists reportedly threatened for coverage of Dan Wootton allegations: ‘Blood will flow’,https://b.thumbs.redditmedia.com/blQZH8engLZcIwhYVa7bNOze3nbxk_KIdG7z7kGWeYY.jpg
2023-07-25,11:17:59,"'It's not protest, it's crime': Senior Met cop condemns Just Stop Oil as LBC reveals £7.7m bill to police disruption",https://b.thumbs.redditmedia.com/-XdrDSJVMg2oaAx2vQJ5HLa3fNvRFhFhGxTeAWeukFo.jpg
2023-07-25,10:53:54,"UK inflation will top Bank of England two per cent target until end of 2024, EY claims",https://b.thumbs.redditmedia.com/AIjQN2HfpJB8GIZxT8NzBiNnFWVxFtuEDbsq5bv9hVk.jpg
2023-07-25,10:48:09,Police Scotland postpones clean-shaven policy for officers after being 'inundated with complaints',https://b.thumbs.redditmedia.com/OKe4U7ZUYDZvkfw88EvmgSjvjrjqYOlx2Ve4x5VErbA.jpg
2023-07-25,09:23:42,BBC condemned for ‘dangerous’ question about gay players in Morocco at Women’s World Cup,https://b.thumbs.redditmedia.com/v37SSKlCQwQ-k6FH8ZIFMSn5O7GRtUh87FEHzaaexZA.jpg
2023-07-25,09:06:16,Surge in ill health will have major impact on NHS,https://b.thumbs.redditmedia.com/AMxQYgBp0ZhydRWLx4B523P2OknCxVicgpV1arO83xg.jpg
2023-07-25,08:50:11,UK to run up highest debt interest bill in developed world,https://b.thumbs.redditmedia.com/OBC0nbtLFNkWYS9bCMgMDCxx2GRDe6r2KayEcweRhGU.jpg
2023-07-25,07:54:12,Climate: NFU Cymru leaders boycott tree planting scheme,https://b.thumbs.redditmedia.com/_bhetqIfVCoq61SZwk5WXpFYNjtH5GafpN2AwU9tRXE.jpg
2023-07-25,06:48:15,Unilever: Marmite maker's profits soar as competition regulator looks for evidence of greed,https://b.thumbs.redditmedia.com/Ni42RV5ItGoWj3SlJKXDOnwnUKfwaAAY1bUrn3BmsNs.jpg
2023-07-25,06:08:14,Caroline Flack's mum 'thrilled' at return of Flackstock festival,https://a.thumbs.redditmedia.com/E8jyCUD260dJ2ISmqhWVrIJhKpHN1yY31S1POI6EyF4.jpg
2023-07-24,23:34:50,Reports of modern slavery double in UK care sector,https://b.thumbs.redditmedia.com/PQlP3yFuxy8hj1WPYXKqsMw_OGI_l1cr8sYdrFo7rVA.jpg
2023-07-24,22:49:05,"Lawyers charging £10,000 to make fake asylum claims: Special investigation exposes staff at immigration law firms briefing clients on how to LIE to the authorities to win the right to stay in Britain",https://b.thumbs.redditmedia.com/aJWp1bCvXXlTVeF7j_TjNEogNmhjr_oclD_APip8MQE.jpg
2023-07-24,22:08:11,Jacob Rees-Mogg presses Tories to scale back net zero plans,https://b.thumbs.redditmedia.com/DXxVIHA6rPV6zvDUCruVfh5bPEHVQ8u1fY42b-NJisE.jpg
2023-07-24,19:13:10,Ministers urged to resolve NHS strikes that could cost ‘billions’,https://b.thumbs.redditmedia.com/zQ1dOrXX9urG8N_GqmQ05LHR0OSwypnOf-Up2NhkXhI.jpg
2023-07-24,18:38:43,Afghan judge free to enter UK after two-year battle,https://b.thumbs.redditmedia.com/lfBEys2N1TcmZkeaSgddrQNJSuK3pNaLnRzQIJati7g.jpg
2023-07-24,18:32:44,Which green policies could the Tories ditch after Uxbridge?,https://b.thumbs.redditmedia.com/DyR5o_WvbpKQq8ex8I7EaWrSS8reSwthTgfT6zgrg2k.jpg
2023-07-24,18:32:10,‘A near-death experience’: UK tourists describe escape from Rhodes wildfires,https://b.thumbs.redditmedia.com/3-MoDPaGX8wf-CGKIcbBR4R7KwCNlZxIN2gwkR6ZmYY.jpg
2023-07-24,18:28:30,"Rail bosses spend £10,000 a week on flights – because it’s cheaper than trains",https://b.thumbs.redditmedia.com/I2O0XRCt_6_ER25vkF2DUMTQ2QRmHmLRLr9BnW_0hPY.jpg
2023-07-24,18:16:24,Those who kill a partner after years of abuse will be treated more leniently under new ‘Sally’s law’,https://b.thumbs.redditmedia.com/Gp7y5bxMn-XML9fXAv9eWzX2mVK5Oe7L36zTFVPY17I.jpg
2023-07-24,18:04:35,Men sentenced over fake cranberry sauce sales,https://b.thumbs.redditmedia.com/7eD_YTRVWTW_rvX2U6lsGjYfbas586r7UX2fICQLMXk.jpg
2023-07-24,17:55:11,Record Exodus of NHS Staff Highlights Mounting Pressure on England's Healthcare System,https://b.thumbs.redditmedia.com/AO9vWVc1ddckJy17Ejme63Pxu_9-55iqjfeu0Bvs-Fw.jpg
2023-07-24,17:51:02,'Poetic injustice' in how England's Ashes hopes ended,https://b.thumbs.redditmedia.com/qGevhLzR1rIJ3dAp4Kr5sqZ9xbATyOZP8zxDbW9duNE.jpg
2023-07-24,17:05:27,Charlotte Owen: Former Boris Johnson aide becomes youngest ever peer after taking seat in House of Lords,https://a.thumbs.redditmedia.com/5kKcGvuyhDFh8YFYy1J2UM2Kd6fm9m3C3HbXHscYCN4.jpg
2023-07-24,15:33:21,"Suella Braverman acted unlawfully over asylum seekers, judge rules",https://b.thumbs.redditmedia.com/p_F5HCSRnW0r7UesfnZZfh4z_YxDFZnWxkaECqbQGNU.jpg
2023-07-24,15:27:34,Nigel Farage: BBC apologises to Farage over account closure story,https://b.thumbs.redditmedia.com/1WwW3QX3xp6P1lPUWfRiR-htG7CTIqAVgtKXSlG1dnE.jpg
2023-07-24,15:05:15,‘Labour are scared’: north-east party members quit to back Jamie Driscoll in mayoral vote,https://b.thumbs.redditmedia.com/yjir16VMmZZ0ESwncM9hYSst9SPIp6qDyePXTJYPIJg.jpg
2023-07-24,14:49:48,Police watchdog to review Croydon bus fare evasion arrest,https://b.thumbs.redditmedia.com/2RYR6Ik9PDy9wsObG-XfkoV71JhDXIc36hgGzmYfNeo.jpg
2023-07-24,14:36:01,Oppenheimer and Barbie give Vue cinemas best UK weekend since Covid | Movies,https://b.thumbs.redditmedia.com/1DEbWXs6nv40fJwCG69PbLcweRRkyM4-nOBmD2TrO5w.jpg
2023-07-24,14:02:52,Estate agent jailed for vicious Birmingham attack on gay men with glass bottle and metal pipe,https://b.thumbs.redditmedia.com/zH287UV18o7jkA12Wjvoojj-33cvV19tc8nLAe7GEEI.jpg
2023-07-24,13:41:40,"Former England footballer Trevor Francis, Britain's first £1m player, dies",https://b.thumbs.redditmedia.com/RHN9pxfXcTXrpSNunmHnUOZ_k_8_rmiqU1Megg7lwNg.jpg
2023-07-24,13:06:02,Asda and Morrisons paid zero corporation tax after private equity buyouts,https://a.thumbs.redditmedia.com/ORlfHYqrcKxo0K3EhElxJW8QmZkc8rXgUZOTrJVbwg4.jpg
2023-07-24,12:53:43,Neal Lawson on the threat of expulsion by Labour: ‘They are making sure no one on the left has a platform’,https://b.thumbs.redditmedia.com/YIyzUNLkMz2_F3LR9Jrb0ZRSZTLm8MT5CdPx8SOvadI.jpg
2023-07-24,12:39:24,Locked Out: How your bank could shut down your financial life - Which? News,https://a.thumbs.redditmedia.com/VkSgtKBjCpUkKyh6K5jS-0l3BElDZmfOevz9iqf8QK4.jpg
2023-07-24,12:21:22,SNP plans to ban sale of homes with gas boilers,https://a.thumbs.redditmedia.com/Xucv_bEujn9vw-4b8Z2qikRLw1f_bV5kbUvNFs2erJ4.jpg
2023-07-24,12:15:48,Pedestrians to have extra second at green man to cross road,https://b.thumbs.redditmedia.com/dVE65sSKktFRVceUjDp_WAU7MildEy1D1Yt68aFtPUs.jpg
2023-07-24,11:30:59,Keir Starmer’s special relationship with the Murdoch press,https://b.thumbs.redditmedia.com/lJhgBdr-FYBJiyIoU5N-fMKK7lGWfDuaXChYTIflyOM.jpg
2023-07-24,11:15:26,Michael Gove tells Sadiq Khan: I’ll intervene if City Hall plan fails to deliver enough homes,
2023-07-24,11:11:51,Labour will lead on reform of transgender rights – and we won’t take lectures from the divisive Tories,https://b.thumbs.redditmedia.com/cy4jit_DNK1g8vfP4Po6rqR6hnv-Ojkyk6sfMHHNquY.jpg
2023-07-24,11:08:06,George Alagiah: BBC journalist and newsreader dies aged 67,https://b.thumbs.redditmedia.com/-BAI1Pr_9bG1V6UJVXFq5DNAurwPzD4TXOyckWmZMDY.jpg
2023-07-24,11:04:09,Northamptonshire runner needs surgery after being bitten by dog - BBC News,https://b.thumbs.redditmedia.com/rMiCmAOZVDp7YYVfPb4li4L-dS9efIYc1jZJt9DuenY.jpg
2023-07-24,10:03:21,"Is racial segregation creeping into British schools? That's the disturbing claim from increasing numbers of teachers and parents, who say the importing from America of Critical Race Theory is teaching seven-year-olds they're racist",https://b.thumbs.redditmedia.com/7bSnIKU1W1qsux-Z_z2lJdIT6Z1RHRPWz8TCSp_Hh1k.jpg
2023-07-24,09:12:19,UK announces £680m for new high-speed electric railway in Turkey,https://b.thumbs.redditmedia.com/n7_Q-VavDR3XTEq46LFo3ID27Ejc1rCZiZu5WXO69es.jpg
2023-07-24,08:58:06,Sadiq Khan to stand by Ulez after Starmer’s stark warning over Uxbridge defeat,https://b.thumbs.redditmedia.com/CyC7LfDkRZ3d7Sxu9QT39LquTc4UqhyI8GTDhRTrjlY.jpg
2023-07-24,08:22:25,Cambridgeshire school selling 'branded socks' as councillor slams 'unacceptable' uniform policies,https://b.thumbs.redditmedia.com/erUM3istv3RTQn3VzoMvomW6QzoKvF6-xxES8dlgT4Y.jpg
2023-07-24,07:48:53,Man's arm 'chewed' by XL bully as he walked it for family member,https://b.thumbs.redditmedia.com/pGfRmgJ89onIHKvVkGwoFPpDSvUbGG6w-wzQfVPjVQg.jpg
2023-07-24,07:14:09,Anjem Choudary charged with three terror offences,https://b.thumbs.redditmedia.com/OfEiqBaJLEikyqPLOZ_taLfyFr-LpJmGR74PUeaPAms.jpg
2023-07-24,06:45:58,Just Stop Oil get a taste of their own medicine after prankster group crashes their '100% plant based' banquet with 'rape alarms' attached to balloons,https://b.thumbs.redditmedia.com/Erfv1BqKDU_PE-t_S-e88KkpnOU1R07jR2Q1qKJFAJg.jpg
2023-07-24,06:22:34,Most NHS staff say they don’t have enough time to spend with patients,https://b.thumbs.redditmedia.com/r1Ql6mrVREZYG8OKqupbF_aQlS_7E7ljckWoB3sGREY.jpg
2023-07-24,00:36:26,Flooding in Tyrone and Donegal causes “catastrophic damage”,https://b.thumbs.redditmedia.com/yEabLi_pCl-04VOXzv-Yqia7kEK-CCWBQhOyL9XsoXo.jpg
2023-07-23,21:32:54,SNP senior figures fear 'Nicola Sturgeon and her husband could be charged' following revelation that police fraud probe is now looking into allegations of misuse of funds and embezzlement,https://b.thumbs.redditmedia.com/DaSsuMKKKFFLiaCNvHM_XSw7qa-cRgh_mBW0Zuwecdc.jpg
2023-07-23,18:49:00,Locals step in to help tourists after Rhodes fires,https://b.thumbs.redditmedia.com/9V4sZXgA410DgQjQpvLpoFmKpYN-l2940z2-9MY5ZNk.jpg
2023-07-23,18:25:05,Could be a pool in foreign remote jungle?,https://b.thumbs.redditmedia.com/JLAS6aBvuvXMtDz3gs_s0ZAbMgHJjLL4NvAV9h2_pAc.jpg
2023-07-23,18:22:36,Two Norfolk Police officers die in apparent suicides while under investigation by their own force,https://b.thumbs.redditmedia.com/Kko7tb6WcxyUW0nDFNyXOXOcGpLFViOUIH1van6euDw.jpg
2023-07-23,15:23:52,Flood warning as torrential rain sweeps UK halting major sports events and festivals,https://b.thumbs.redditmedia.com/aPNwOyDmX_yHwDVJGAuyh5jrcptOIgxssV7xvs6GtfI.jpg
2023-07-23,14:55:13,Sadiq Khan committed to ULEZ expansion but happy to look at ways to mitigate financial impact,https://b.thumbs.redditmedia.com/m5p0SLiz-M6aL3r7DybArT-RhizU04JVl7SBI1mLzSo.jpg
2023-07-23,14:26:08,Suella Braverman refuses plea of man barred from UK to be reunited with son,https://a.thumbs.redditmedia.com/PvYINf22315vuTnK2LhqVpXV6rt6-hxY0ccJUVYe2B0.jpg
2023-07-23,14:04:39,‘Absolutely physically knackered’: UK workers on intensifying conditions,https://a.thumbs.redditmedia.com/43CukkiNVj7fSGnin2laLoeNnHi5CMZd5WRyxdXX4_8.jpg
2023-07-23,13:20:19,"Manchester City centre, a washout of a July, should be sunshine !",https://a.thumbs.redditmedia.com/W8YQ-LNE9RUQWvWajJCysP_p0xOdoXWMcC051Guu_Z0.jpg
2023-07-23,13:01:43,Welsh first minister's rapist son breaches sex offender orders,https://b.thumbs.redditmedia.com/9ItXlpq7Rx67GlCLZNMaXmdsIQQf5KrTI8Km1W0KwXc.jpg
2023-07-23,12:37:20,Covid guru Chris Whitty regrets celeb scientist fame after losing anonymity 'for good',https://b.thumbs.redditmedia.com/gl8D2qoIqtLeblfZzYENrlHlyBpw9hVFu3Zj0PPdsyQ.jpg
2023-07-23,12:05:25,Manchester students wreak havoc in city centre on last day of term,https://b.thumbs.redditmedia.com/_17um6tpoXEvQ9N1IWX_MLHil_7UWLP8u4eMgX66cac.jpg
2023-07-23,11:23:48,World Cup 2023 LIVE: Today’s results and latest news,https://b.thumbs.redditmedia.com/nyxRIuGEQJVcqzpjzAEE3OiI_dqYbgFi77mgl7jdQWI.jpg
2023-07-23,10:30:36,‘They want us out’: bitter feud between locals and ‘newbies’ splits genteel Yorkshire village,https://b.thumbs.redditmedia.com/IsfjCtRIZFPsz9-w4Ofy8ESAJ6IKMUV7QdfoJo2sqYA.jpg
2023-07-23,09:54:21,Second homes: Meibion Glyndwr firebomber admits 1980s attacks,https://b.thumbs.redditmedia.com/PuQs5laf374VCczarooNidWEOv7MEX4WfCacOmn1aQA.jpg
2023-07-23,09:52:46,Michael Gove calls for relaxation of net zero measures and warns against treating environment as 'religious crusade' | Politics News,https://b.thumbs.redditmedia.com/9r1A04QMNFUQBhJ0LwQWG0J-U7IXJzgUauoDWBzRMAg.jpg
2023-07-23,09:45:17,How will the UK cope with climate change? Why Britain isn’t prepared and will suffer more than other countries,https://b.thumbs.redditmedia.com/lQornMUHxO6WVaGj7Abo-EV385OJoHvHvSqbg3vihtw.jpg
2023-07-23,08:12:56,Shire horse show set to return to Aberaeron,
2023-07-23,07:22:27,‘Anything to declare?’ British couple arrested trying to smuggle Ukraine war rocket launchers into UK,https://b.thumbs.redditmedia.com/yBHY8F1Dd5X75cUcJgmb-iJNMsuNSUC6XunZIgdsZHo.jpg
2023-07-23,07:10:35,Childcare shortage warning as childminders quit,https://b.thumbs.redditmedia.com/stVlUtP9ponrp0w9cc4iCZ10NPnW5mYKZ-8-rwLpjlc.jpg
2023-07-23,06:58:48,This is how long it takes to afford a deposit in every London borough,https://b.thumbs.redditmedia.com/5FvuTPJMxs9Tjlsf-IKyOs-G2g4RKjFGw-xKFUFCODo.jpg
2023-07-23,06:36:53,Gove to relax rules in England to allow more shops to be converted into homes,https://a.thumbs.redditmedia.com/7NDHTbcXXbJiM6F-Sh5jRy5Fq5qQyfS0gxZuBXtuOD0.jpg
2023-07-23,05:02:20,‘Barbaric’ dog fighting still rife in Norfolk and Suffolk,https://b.thumbs.redditmedia.com/Lz0iHQN9cKWmkVS3WwXwB2YNpkUGFTZVCaF2mSYPEXI.jpg
2023-07-22,23:23:57,Merthyr Tydfil: Ffos-y-Fran mine accused of licence breach,https://a.thumbs.redditmedia.com/QDqm3yzO67Hsrp0Ople30BD3uV8EKwzg3kiDaCUN9r8.jpg
2023-07-22,22:39:26,Revealed: drug firms funding UK patient groups that lobby for NHS approval of medicines,https://b.thumbs.redditmedia.com/_tpJ0juD_c080SIhR8yh7PL857LRDw1iP9alt8UUKyE.jpg
2023-07-22,20:07:06,‘We are at 50% of the quota we had’: boss of UK’s last long-range trawler rues ‘squandered’ Brexit hopes,https://b.thumbs.redditmedia.com/FogJ3vHn_b-Tpswa7757UlYhKI-WM--VubvG05XQMuI.jpg
2023-07-22,18:19:20,"Amendments to UK’s Online Safety Bill Mandate Scanning Encrypted Messages, Raising Privacy and Oversight Concerns",
2023-07-22,17:51:52,"No-frills UK College Get Degree Quickly, Simply and Affordably",https://b.thumbs.redditmedia.com/bOcoPRkEsoKQRn6wCTzuzwG9Vo6IzTPY_Y-FHqqD_-w.jpg
2023-07-22,17:35:22,Five men jailed for Coventry funeral service murder,https://b.thumbs.redditmedia.com/Rw_221VaCSUjHBJfMbTDcqee0zjogToly09VIWXJDnE.jpg
2023-07-22,17:03:43,London day travelcards to be phased out,https://b.thumbs.redditmedia.com/o3aiBzRRrHdUYLUxNvJ58AcmWJWhmDsdPnEk8f-mvAM.jpg
2023-07-22,16:03:06,Political turmoil in 2022 cost UK taxpayer £3m in severance fees | Conservatives,https://b.thumbs.redditmedia.com/3ZQsL7aLOAUESw3ib-QT3cVH4_3KNumONQ2nPeJ7V0o.jpg
